id_client,date_consultation,origine_agence,canal
200375COLAS,2025-06-18,SOF,Agence
030284TESSI,2025-06-18,LCL,Agence
020268LEDOU,2025-06-18,SOF,Téléphone
170205MICHA,2025-06-18,SOF,Agence
030575JOURD,2025-06-18,SOF,Agence
250866COLAS,2025-06-18,LCL,Agence
101095HUET,2025-06-18,CA,Web
090378CLÉME,2025-06-18,LCL,Agence
070286POIRI,2025-06-18,SOF,Agence
091000MAILL,2025-06-18,SOF,Web
120872PINEA,2025-06-18,SOF,Web
130665LEROU,2025-06-18,SOF,Téléphone
030987DE OL,2025-06-18,CA,Téléphone
280593LEFOR,2025-06-18,CA,Web
300670ROSSI,2025-06-18,LCL,Téléphone
180294DEVAU,2025-06-18,SOF,Web
300769LAUNA,2025-06-18,SOF,Web
170467RIBEI,2025-06-18,SOF,Web
070586LEMOI,2025-06-18,CA,Agence
280290BOUCH,2025-06-18,SOF,Agence
080183PONS,2025-06-18,LCL,Agence
080996GÉRAR,2025-06-18,CA,Agence
061189ROYER,2025-06-18,SOF,Web
261271PRÉVO,2025-06-18,CA,Web
190377GÉRAR,2025-06-18,CA,Téléphone
250990BRUN,2025-06-18,LCL,Agence
120498MOREA,2025-06-18,SOF,Téléphone
230594LAUNA,2025-06-18,SOF,Agence
090804PERRI,2025-06-18,SOF,Agence
070787JACQU,2025-06-18,SOF,Téléphone
071203LAMBE,2025-06-18,SOF,Web
280486LEMAÎ,2025-06-18,SOF,Agence
101276MERCI,2025-06-18,LCL,Téléphone
020781LESAG,2025-06-18,SOF,Téléphone
280872BARBI,2025-06-18,CA,Web
170890GOMES,2025-06-18,SOF,Web
230669PASCA,2025-06-18,LCL,Agence
110701KLEIN,2025-06-18,SOF,Téléphone
110875MONNI,2025-06-18,CA,Téléphone
301294DIAS,2025-06-18,SOF,Web
170902HAMON,2025-06-18,LCL,Téléphone
010176DOS S,2025-06-18,CA,Téléphone
060379GAY,2025-06-18,LCL,Agence
130392RAMOS,2025-06-18,CA,Téléphone
050188DIAS,2025-06-18,LCL,Téléphone
160766REY,2025-06-18,LCL,Web
200805PRÉVO,2025-06-18,SOF,Web
180387GÉRAR,2025-06-18,LCL,Web
260886SALMO,2025-06-18,CA,Web
080501BERGE,2025-06-18,CA,Agence
290788PHILI,2025-06-18,SOF,Agence
060994BOYER,2025-06-18,SOF,Téléphone
210801LEGRO,2025-06-18,LCL,Agence
020873LELIÈ,2025-06-18,CA,Téléphone
230485BRIAN,2025-06-18,SOF,Web
040686LEROU,2025-06-18,LCL,Web
281170DUHAM,2025-06-18,LCL,Agence
280387MENAR,2025-06-18,CA,Téléphone
130274LEDOU,2025-06-18,CA,Téléphone
270180GUILL,2025-06-18,SOF,Agence
190396BARTH,2025-06-18,CA,Téléphone
111188PASCA,2025-06-18,LCL,Web
150304COSTA,2025-06-18,LCL,Web
310107BOUVE,2025-06-18,LCL,Téléphone
160897GEORG,2025-06-18,SOF,Web
130192JOSEP,2025-06-18,LCL,Agence
170591NAVAR,2025-06-18,CA,Téléphone
070767MONNI,2025-06-18,SOF,Web
070901DELAU,2025-06-18,LCL,Téléphone
160703GUILL,2025-06-18,SOF,Web
170682GARNI,2025-06-18,CA,Téléphone
110579MARY,2025-06-18,CA,Téléphone
270699LE GA,2025-06-18,SOF,Téléphone
210588LEGEN,2025-06-18,SOF,Web
250588RIBEI,2025-06-18,CA,Web
150266CARRE,2025-06-18,SOF,Téléphone
090402GUILL,2025-06-18,CA,Agence
040595PIRES,2025-06-18,SOF,Agence
140597BARTH,2025-06-18,CA,Web
170988MARCH,2025-06-18,SOF,Agence
030466IMBER,2025-06-18,LCL,Téléphone
180991BLOT,2025-06-18,LCL,Téléphone
010169JOURD,2025-06-18,CA,Agence
230507VERDI,2025-06-18,SOF,Téléphone
060278DELAT,2025-06-18,LCL,Agence
121184MAURI,2025-06-18,SOF,Agence
011097GROS,2025-06-18,CA,Téléphone
100797COSTA,2025-06-18,LCL,Téléphone
160488CHART,2025-06-18,CA,Web
140274CLÉME,2025-06-18,LCL,Téléphone
190582VALEN,2025-06-18,LCL,Téléphone
230795LEBON,2025-06-18,LCL,Web
110391DIAZ,2025-06-18,SOF,Téléphone
120691BARBE,2025-06-18,CA,Web
071291DELAN,2025-06-18,CA,Agence
301193DELAN,2025-06-18,SOF,Téléphone
290686BONNE,2025-06-18,CA,Web
310774BOULA,2025-06-18,SOF,Web
290600COSTA,2025-06-18,LCL,Téléphone
181276LAMY,2025-06-18,CA,Agence
211201MARCH,2025-06-18,CA,Agence
201167HARDY,2025-06-18,SOF,Téléphone
030993BARRE,2025-06-18,SOF,Téléphone
011291BENAR,2025-06-18,CA,Téléphone
121002MARCH,2025-06-18,LCL,Web
160381JACQU,2025-06-18,LCL,Agence
230878MAHE,2025-06-18,SOF,Agence
021281MOREA,2025-06-18,CA,Téléphone
170374DUMAS,2025-06-18,SOF,Agence
050866MARIN,2025-06-18,LCL,Agence
080679PETIT,2025-06-18,CA,Agence
220685CHEVA,2025-06-18,CA,Téléphone
200878MARTI,2025-06-18,LCL,Web
130995GARCI,2025-06-18,LCL,Téléphone
060202LAUNA,2025-06-18,CA,Agence
250385LELIÈ,2025-06-18,SOF,Agence
230380MARTI,2025-06-18,LCL,Téléphone
290773RENAU,2025-06-18,SOF,Téléphone
261076HERNA,2025-06-18,CA,Web
071202THOMA,2025-06-18,LCL,Agence
291284LEBON,2025-06-18,CA,Téléphone
300580COLLI,2025-06-18,SOF,Téléphone
240205PARIS,2025-06-18,CA,Agence
120389BESSO,2025-06-18,CA,Web
120771ANTOI,2025-06-18,CA,Web
261299LEDOU,2025-06-18,SOF,Agence
010290CLÉME,2025-06-18,LCL,Web
130982BESSO,2025-06-18,SOF,Agence
260483MARIE,2025-06-18,SOF,Web
291298BRIAN,2025-06-18,SOF,Web
101298FISCH,2025-06-18,LCL,Web
070397JACOB,2025-06-18,SOF,Téléphone
050696LESAG,2025-06-18,CA,Agence
150984GROS,2025-06-18,CA,Web
080780DEVAU,2025-06-18,SOF,Agence
260988TOUSS,2025-06-18,CA,Web
150504RIOU,2025-06-18,SOF,Agence
310889BLANC,2025-06-18,LCL,Web
290593LACRO,2025-06-18,LCL,Téléphone
050199DIJOU,2025-06-18,LCL,Agence
270184FISCH,2025-06-18,CA,Agence
101005BARON,2025-06-18,CA,Agence
190770CHAUV,2025-06-18,LCL,Web
290407BRETO,2025-06-18,CA,Agence
170990CHAUV,2025-06-18,LCL,Agence
130466BODIN,2025-06-18,LCL,Web
290899GILLE,2025-06-18,SOF,Téléphone
150895VERDI,2025-06-18,CA,Téléphone
090780RODRI,2025-06-18,CA,Web
111197BLANC,2025-06-18,LCL,Web
150978LEMON,2025-06-18,LCL,Téléphone
031276RENAR,2025-06-18,SOF,Téléphone
020786VAILL,2025-06-18,CA,Agence
151198ALLAR,2025-06-18,LCL,Web
220999MARTI,2025-06-18,CA,Web
010676BLIN,2025-06-18,SOF,Téléphone
130667PINEA,2025-06-18,LCL,Agence
131283LE GA,2025-06-18,SOF,Téléphone
151298RODRI,2025-06-18,SOF,Web
200698HOARA,2025-06-18,CA,Téléphone
220198DENIS,2025-06-18,SOF,Agence
190667PELTI,2025-06-18,LCL,Web
040771MICHA,2025-06-18,CA,Agence
100869VALEN,2025-06-18,SOF,Agence
210979GIRAR,2025-06-18,LCL,Web
050995BLOT,2025-06-18,SOF,Agence
090495MAILL,2025-06-18,SOF,Web
270365BÈGUE,2025-06-18,LCL,Web
050403NGUYE,2025-06-18,LCL,Web
240394LOPES,2025-06-18,SOF,Agence
220894PELTI,2025-06-18,SOF,Web
030796FONTA,2025-06-18,LCL,Agence
260206MARTI,2025-06-18,CA,Web
120899ROGER,2025-06-18,CA,Téléphone
090905LAPOR,2025-06-18,CA,Téléphone
160478WAGNE,2025-06-18,SOF,Web
070793VALLÉ,2025-06-18,LCL,Téléphone
050205GROND,2025-06-18,LCL,Téléphone
260992FERNA,2025-06-18,CA,Agence
130385VALLE,2025-06-18,LCL,Téléphone
080970DELMA,2025-06-18,CA,Web
191080RAYNA,2025-06-18,LCL,Téléphone
020988COULO,2025-06-18,LCL,Agence
250876ROUSS,2025-06-18,CA,Téléphone
290790GONZA,2025-06-18,LCL,Téléphone
020975HENRY,2025-06-18,LCL,Web
020294BAZIN,2025-06-18,CA,Web
120596ANTOI,2025-06-18,LCL,Web
240788LENOI,2025-06-18,SOF,Agence
080766FERNA,2025-06-18,CA,Téléphone
101198MICHE,2025-06-18,SOF,Téléphone
310597BONNI,2025-06-18,LCL,Web
231097MALLE,2025-06-18,CA,Agence
171294BLOND,2025-06-18,SOF,Téléphone
250385NORMA,2025-06-18,SOF,Téléphone
170283ALVES,2025-06-18,LCL,Web
200787BARRE,2025-06-18,LCL,Web
050870MATHI,2025-06-18,LCL,Web
060275BONNI,2025-06-18,SOF,Web
310899MAHE,2025-06-18,LCL,Téléphone
191085ROGER,2025-06-18,CA,Web
220498LOPES,2025-06-18,SOF,Téléphone
220697FRANÇ,2025-06-18,SOF,Agence
260768TANGU,2025-06-18,SOF,Agence
050887THIBA,2025-06-18,CA,Téléphone
241288DELMA,2025-06-18,LCL,Web
040187ROBIN,2025-06-18,LCL,Agence
221068VAILL,2025-06-18,CA,Téléphone
131277JACQU,2025-06-18,CA,Agence
061205RICHA,2025-06-18,SOF,Web
061001JACQU,2025-06-18,LCL,Agence
220784KLEIN,2025-06-18,LCL,Agence
061078RIVIÈ,2025-06-18,LCL,Téléphone
260183DIAS,2025-06-18,SOF,Téléphone
030373PEREZ,2025-06-18,SOF,Web
080469LEMON,2025-06-18,LCL,Web
130593PERRI,2025-06-18,CA,Web
060784LOPEZ,2025-06-18,LCL,Web
090782BUISS,2025-06-18,LCL,Téléphone
110301BLOT,2025-06-18,CA,Agence
200679BENOI,2025-06-18,SOF,Web
120802PERRI,2025-06-18,LCL,Web
010507VAILL,2025-06-18,SOF,Agence
021106ROSSI,2025-06-18,CA,Web
050497FISCH,2025-06-18,LCL,Agence
110866GROND,2025-06-18,LCL,Web
130596PICAR,2025-06-18,CA,Téléphone
021279MASSE,2025-06-18,LCL,Web
240881LEFOR,2025-06-18,SOF,Web
180383AUBRY,2025-06-18,SOF,Web
090879MOULI,2025-06-18,LCL,Web
011285DE SO,2025-06-18,LCL,Agence
100277MEYER,2025-06-18,LCL,Web
060672DELAU,2025-06-18,SOF,Web
170777JOLY,2025-06-18,LCL,Web
220582BLANC,2025-06-18,CA,Agence
201197LETEL,2025-06-18,CA,Web
270691VALET,2025-06-18,CA,Web
111294GARCI,2025-06-18,SOF,Téléphone
070799LETEL,2025-06-18,CA,Web
261105LÉVÊQ,2025-06-18,LCL,Agence
251288BODIN,2025-06-18,SOF,Téléphone
061085BONNE,2025-06-18,LCL,Agence
011066MONNI,2025-06-18,CA,Web
070377LETEL,2025-06-18,CA,Web
141066DIDIE,2025-06-18,CA,Téléphone
021100LEMAÎ,2025-06-18,CA,Téléphone
251193CLERC,2025-06-18,CA,Agence
271268TOUSS,2025-06-18,SOF,Agence
230600DA CO,2025-06-18,SOF,Agence
310174POULA,2025-06-18,SOF,Web
170875PAREN,2025-06-18,LCL,Web
040590KLEIN,2025-06-18,SOF,Téléphone
200880LEFOR,2025-06-18,CA,Agence
130803BOUTI,2025-06-18,LCL,Web
291187JOLY,2025-06-18,SOF,Agence
060280BERNI,2025-06-18,CA,Agence
120478PERRO,2025-06-18,CA,Web
010168TEXIE,2025-06-18,CA,Agence
291298MOREN,2025-06-18,LCL,Agence
011279GAUDI,2025-06-18,CA,Téléphone
101084LOPES,2025-06-18,LCL,Web
290168HAMON,2025-06-18,CA,Téléphone
090489RIBEI,2025-06-18,CA,Agence
210292BAZIN,2025-06-18,CA,Téléphone
211003NICOL,2025-06-18,SOF,Agence
170380BONNI,2025-06-18,CA,Agence
011176DESCA,2025-06-18,CA,Web
100488RODRI,2025-06-18,SOF,Agence
240603ROUSS,2025-06-18,CA,Agence
151167POIRI,2025-06-18,CA,Web
180501PETIT,2025-06-18,CA,Web
060883DUPUY,2025-06-18,LCL,Agence
260165ALEXA,2025-06-18,CA,Agence
200497LENOI,2025-06-18,CA,Web
090275LEMAÎ,2025-06-18,CA,Agence
010775GUYON,2025-06-18,LCL,Téléphone
050891ALEXA,2025-06-18,CA,Téléphone
070902BOULA,2025-06-18,CA,Web
310785CAMUS,2025-06-18,SOF,Agence
160665FOUQU,2025-06-18,SOF,Téléphone
271181BÈGUE,2025-06-18,CA,Agence
270299HERNA,2025-06-18,LCL,Agence
030268LEROU,2025-06-18,SOF,Agence
080600FAIVR,2025-06-18,LCL,Agence
100486BOYER,2025-06-18,SOF,Web
220867POTIE,2025-06-18,SOF,Web
231004BARRE,2025-06-18,SOF,Téléphone
051088BRUNE,2025-06-18,LCL,Agence
060466PASCA,2025-06-18,SOF,Téléphone
120103BLANC,2025-06-18,CA,Web
041280MEYER,2025-06-18,CA,Agence
260974CHEVA,2025-06-18,CA,Agence
190191REGNI,2025-06-18,LCL,Téléphone
300672GAY,2025-06-18,LCL,Web
240205VALLE,2025-06-18,CA,Web
290494MICHA,2025-06-18,SOF,Web
200177BIGOT,2025-06-18,LCL,Téléphone
030469HAMON,2025-06-18,SOF,Téléphone
281189LAUNA,2025-06-18,SOF,Agence
250694GÉRAR,2025-06-18,LCL,Web
141188ÉTIEN,2025-06-18,CA,Agence
290566MAURI,2025-06-18,SOF,Téléphone
170898CORDI,2025-06-18,CA,Agence
200170FLEUR,2025-06-18,SOF,Web
070675COLAS,2025-06-18,SOF,Web
220281JOSEP,2025-06-18,CA,Agence
221005LUCAS,2025-06-18,SOF,Téléphone
240966VALLÉ,2025-06-18,CA,Agence
041269MARCH,2025-06-18,SOF,Web
110777GARCI,2025-06-18,LCL,Téléphone
230177GUILB,2025-06-18,SOF,Téléphone
201092PHILI,2025-06-18,CA,Agence
290894DIDIE,2025-06-18,CA,Web
221206POULA,2025-06-18,LCL,Téléphone
140694LEGRO,2025-06-18,SOF,Téléphone
040481GUIBE,2025-06-18,CA,Web
300706PAUL,2025-06-18,CA,Agence
040286GUICH,2025-06-18,LCL,Web
270969GRÉGO,2025-06-18,SOF,Web
011072COHEN,2025-06-18,LCL,Web
221187GUIBE,2025-06-18,CA,Web
030590ROCHE,2025-06-18,CA,Web
091105LÉVÊQ,2025-06-18,CA,Web
300998HARDY,2025-06-18,LCL,Agence
211071HUBER,2025-06-18,SOF,Téléphone
270880BOURG,2025-06-18,SOF,Agence
200792GALLE,2025-06-18,CA,Agence
261197BECKE,2025-06-18,CA,Téléphone
031076LEBON,2025-06-18,LCL,Téléphone
121086FERRE,2025-06-18,SOF,Agence
140183RENAR,2025-06-18,LCL,Téléphone
190565ROY,2025-06-18,CA,Agence
220975PEREI,2025-06-18,SOF,Agence
270470DIAZ,2025-06-18,CA,Téléphone
130494LAINE,2025-06-18,SOF,Téléphone
260599PAREN,2025-06-18,LCL,Web
051081LEMAÎ,2025-06-18,LCL,Agence
211198FLEUR,2025-06-18,SOF,Web
290996HUET,2025-06-18,SOF,Téléphone
161197NICOL,2025-06-18,CA,Téléphone
300988DELAN,2025-06-18,CA,Agence
270484BAILL,2025-06-18,LCL,Agence
050605LEGRO,2025-06-18,SOF,Web
031066DOS S,2025-06-18,SOF,Web
070290CHAUV,2025-06-18,SOF,Web
010780POTIE,2025-06-18,CA,Agence
110876PAYET,2025-06-18,LCL,Web
220903CHAUV,2025-06-18,SOF,Téléphone
080477ALLAI,2025-06-18,SOF,Web
170376MALLE,2025-06-18,SOF,Agence
051178LEDOU,2025-06-18,CA,Agence
030270GUILL,2025-06-18,LCL,Téléphone
251170LAMBE,2025-06-18,SOF,Agence
230805LUCAS,2025-06-18,SOF,Agence
090265CHEVA,2025-06-18,CA,Agence
260571PINTO,2025-06-18,LCL,Agence
221077LECOM,2025-06-18,SOF,Agence
180883VALET,2025-06-18,CA,Agence
160183ROLLA,2025-06-18,LCL,Téléphone
220266PETIT,2025-06-18,CA,Web
180899BERNA,2025-06-18,LCL,Agence
060596PICHO,2025-06-18,CA,Téléphone
271105DELMA,2025-06-18,CA,Agence
230885BECKE,2025-06-18,CA,Téléphone
070798PELTI,2025-06-18,SOF,Téléphone
280381POTIE,2025-06-18,CA,Téléphone
170979CHARL,2025-06-18,SOF,Téléphone
160106LEDUC,2025-06-18,SOF,Téléphone
271171PERRI,2025-06-18,CA,Agence
220904TURPI,2025-06-18,SOF,Téléphone
290664COUSI,2025-06-18,LCL,Web
090583POTTI,2025-06-18,CA,Téléphone
080402VALLE,2025-06-18,CA,Téléphone
170492CHAUV,2025-06-18,CA,Web
240379LEMOI,2025-06-18,LCL,Téléphone
120378LEFOR,2025-06-18,SOF,Agence
020271BRUNE,2025-06-18,LCL,Téléphone
170804SIMON,2025-06-18,SOF,Téléphone
021204VERDI,2025-06-18,CA,Web
270479MARTI,2025-06-18,LCL,Web
221282HAMEL,2025-06-18,SOF,Web
080266MARTI,2025-06-18,LCL,Agence
070369BRUNE,2025-06-18,SOF,Web
200197DAVID,2025-06-18,SOF,Téléphone
161188LOPEZ,2025-06-18,CA,Téléphone
021271GAY,2025-06-18,SOF,Agence
160966COURT,2025-06-18,LCL,Téléphone
200196LAURE,2025-06-18,SOF,Téléphone
041295FAIVR,2025-06-18,CA,Téléphone
300500MILLE,2025-06-18,CA,Téléphone
010677COSTA,2025-06-18,CA,Web
071272LECOM,2025-06-18,CA,Web
061096WAGNE,2025-06-18,CA,Agence
091100THIBA,2025-06-18,SOF,Web
111279CHAUV,2025-06-18,SOF,Téléphone
240573DIJOU,2025-06-18,CA,Web
010175MARCH,2025-06-18,LCL,Web
121192COLLI,2025-06-18,CA,Téléphone
300699COHEN,2025-06-18,SOF,Agence
210902LACOM,2025-06-18,CA,Téléphone
150788JOURD,2025-06-18,SOF,Web
100592GARCI,2025-06-18,LCL,Téléphone
060603GUYON,2025-06-18,SOF,Web
030165BLIN,2025-06-18,CA,Agence
250579MARTI,2025-06-18,CA,Téléphone
201094GROND,2025-06-18,SOF,Web
011064BOUSQ,2025-06-18,LCL,Agence
220968CHAUV,2025-06-18,LCL,Agence
080566GILBE,2025-06-18,CA,Web
140873GRÉGO,2025-06-18,SOF,Web
131185GAUTH,2025-06-18,LCL,Web
180869HENRY,2025-06-18,SOF,Agence
110485GILLE,2025-06-18,LCL,Téléphone
190899RODRI,2025-06-18,SOF,Agence
251079VASSE,2025-06-18,LCL,Agence
070894MARTI,2025-06-18,LCL,Web
030381DE SO,2025-06-18,LCL,Téléphone
071175SCHNE,2025-06-18,CA,Téléphone
111206PERON,2025-06-18,SOF,Web
201079PASQU,2025-06-18,CA,Téléphone
090684DUPRÉ,2025-06-18,CA,Web
161102DUBOI,2025-06-18,CA,Téléphone
140379DELAH,2025-06-18,SOF,Téléphone
110465DELMA,2025-06-18,CA,Agence
140879MARQU,2025-06-18,CA,Agence
020699CHEVA,2025-06-18,LCL,Téléphone
250878CHRÉT,2025-06-18,SOF,Web
301102MOREL,2025-06-18,CA,Web
300987MATHI,2025-06-18,LCL,Web
050981VALLE,2025-06-18,SOF,Agence
170991WEISS,2025-06-18,SOF,Agence
151277PINEA,2025-06-18,LCL,Téléphone
260292LELEU,2025-06-18,SOF,Agence
050101COUSI,2025-06-18,LCL,Agence
190495TOUSS,2025-06-18,CA,Téléphone
301206CLERC,2025-06-18,SOF,Web
080968LE GA,2025-06-18,LCL,Téléphone
220272MICHE,2025-06-18,CA,Agence
030389CLÉME,2025-06-18,LCL,Téléphone
190801ROYER,2025-06-18,LCL,Agence
191075BOUCH,2025-06-18,SOF,Web
220396THIBA,2025-06-18,CA,Téléphone
291191GRENI,2025-06-18,LCL,Web
151096COSTA,2025-06-18,SOF,Web
070975PINTO,2025-06-18,LCL,Web
221068GERMA,2025-06-18,LCL,Agence
190306GAUTI,2025-06-18,LCL,Web
031185BERTR,2025-06-18,LCL,Web
231075DA SI,2025-06-18,LCL,Téléphone
280281LELEU,2025-06-18,SOF,Agence
270306FERNA,2025-06-18,CA,Téléphone
231079BONNE,2025-06-18,LCL,Web
011298MARIO,2025-06-18,CA,Web
180769MICHE,2025-06-18,SOF,Agence
240503MICHA,2025-06-18,SOF,Web
280800LEJEU,2025-06-18,LCL,Agence
160906MERCI,2025-06-18,CA,Téléphone
130997RIVIÈ,2025-06-18,CA,Agence
301006NICOL,2025-06-18,SOF,Téléphone
130373CHEVA,2025-06-18,SOF,Téléphone
090480CHRÉT,2025-06-18,LCL,Agence
200278ÉTIEN,2025-06-18,CA,Téléphone
051070CARON,2025-06-18,CA,Téléphone
230868VINCE,2025-06-18,LCL,Agence
230801NOËL,2025-06-18,CA,Web
280693BRUNE,2025-06-18,SOF,Web
240776GOMEZ,2025-06-18,CA,Agence
260692DUFOU,2025-06-18,LCL,Agence
090380TRAOR,2025-06-18,CA,Téléphone
051191MAILL,2025-06-18,LCL,Téléphone
061097ALVES,2025-06-18,CA,Web
310700TECHE,2025-06-18,SOF,Web
040578PICAR,2025-06-18,CA,Téléphone
160297MARTY,2025-06-18,SOF,Web
090870MOREA,2025-06-18,CA,Téléphone
011073TANGU,2025-06-18,SOF,Web
080273BOUVE,2025-06-18,LCL,Web
040766DELAU,2025-06-18,CA,Web
100577PINEA,2025-06-18,SOF,Téléphone
120677GUILL,2025-06-18,SOF,Téléphone
280170THIBA,2025-06-18,CA,Web
180189MEYER,2025-06-18,LCL,Web
200183LAROC,2025-06-18,CA,Web
261176JOSEP,2025-06-18,SOF,Agence
280687POTTI,2025-06-18,CA,Agence
020898DUPUY,2025-06-18,SOF,Web
091004MAHE,2025-06-18,LCL,Téléphone
250197DIAS,2025-06-18,LCL,Téléphone
181080DANIE,2025-06-18,CA,Web
111265VIDAL,2025-06-18,LCL,Web
161202CHEVA,2025-06-18,CA,Agence
210285RAYNA,2025-06-18,SOF,Agence
050672PICHO,2025-06-18,LCL,Agence
080590GILLE,2025-06-18,LCL,Téléphone
110996COLAS,2025-06-18,LCL,Web
260764TANGU,2025-06-18,LCL,Web
100986FOURN,2025-06-18,CA,Agence
021276JEAN,2025-06-18,SOF,Téléphone
130275POTTI,2025-06-18,LCL,Agence
050702HUMBE,2025-06-18,SOF,Web
010196DIALL,2025-06-18,LCL,Téléphone
051084GIMEN,2025-06-18,LCL,Agence
210683LOPES,2025-06-18,CA,Web
210799PAGES,2025-06-18,SOF,Téléphone
080890PICAR,2025-06-18,LCL,Agence
180293LAMBE,2025-06-18,CA,Agence
090700DIAZ,2025-06-18,SOF,Agence
100766LEROU,2025-06-18,LCL,Téléphone
220683GILLE,2025-06-18,LCL,Agence
070777REGNI,2025-06-18,LCL,Agence
300473JOUBE,2025-06-18,CA,Web
090281DELAU,2025-06-18,SOF,Agence
311064DANIE,2025-06-18,SOF,Agence
070406MARTE,2025-06-18,SOF,Téléphone
180176BARBE,2025-06-18,SOF,Agence
190570DELOR,2025-06-18,CA,Téléphone
230765DE OL,2025-06-18,CA,Web
151000PINEA,2025-06-18,LCL,Web
301081LOPES,2025-06-18,SOF,Téléphone
101198DUVAL,2025-06-18,SOF,Téléphone
150695LEFOR,2025-06-18,SOF,Agence
310392GAY,2025-06-18,CA,Téléphone
260395ROUX,2025-06-18,CA,Agence
300199ANTOI,2025-06-18,SOF,Téléphone
151197BLANC,2025-06-18,SOF,Téléphone
280480GUILB,2025-06-18,SOF,Agence
281267BARBE,2025-06-18,CA,Web
041096GOSSE,2025-06-18,CA,Web
160279LECOQ,2025-06-18,LCL,Téléphone
280883PINEA,2025-06-18,LCL,Téléphone
140306GAUTI,2025-06-18,SOF,Téléphone
100283JOUBE,2025-06-18,SOF,Web
050275DUHAM,2025-06-18,LCL,Téléphone
090868DUMAS,2025-06-18,CA,Téléphone
050677GUILL,2025-06-18,LCL,Agence
070492OLLIV,2025-06-18,CA,Téléphone
290905VOISI,2025-06-18,CA,Agence
291003MERCI,2025-06-18,LCL,Web
120578FERRE,2025-06-18,SOF,Agence
031281GOMEZ,2025-06-18,SOF,Téléphone
120999CHARL,2025-06-18,SOF,Agence
120100JULIE,2025-06-18,SOF,Téléphone
140365FERRE,2025-06-18,SOF,Web
180884LEDOU,2025-06-18,SOF,Web
010905GONZA,2025-06-18,CA,Téléphone
010797ROUX,2025-06-18,CA,Téléphone
270895TANGU,2025-06-18,LCL,Téléphone
280872DESCH,2025-06-18,CA,Agence
160501LEBRE,2025-06-18,CA,Web
130901LACRO,2025-06-18,CA,Téléphone
101096NOËL,2025-06-18,SOF,Web
191102BOUCH,2025-06-18,SOF,Web
290167ANDRE,2025-06-18,LCL,Téléphone
170868MILLE,2025-06-18,SOF,Téléphone
110784DA CO,2025-06-18,LCL,Web
080274LECLE,2025-06-18,LCL,Web
040877BOUSQ,2025-06-18,LCL,Web
031196HERNA,2025-06-18,CA,Agence
230481THOMA,2025-06-18,SOF,Web
081201DUHAM,2025-06-18,LCL,Agence
290395JACOB,2025-06-18,LCL,Agence
010165LÉGER,2025-06-18,LCL,Web
031164LAUNA,2025-06-18,SOF,Agence
160480HUET,2025-06-18,CA,Téléphone
060569ROUX,2025-06-18,LCL,Web
090796DA CO,2025-06-18,CA,Web
180304FERNA,2025-06-18,SOF,Agence
230979CHRÉT,2025-06-18,LCL,Agence
260484TECHE,2025-06-18,LCL,Téléphone
311085LAPOR,2025-06-18,CA,Agence
050902CHARP,2025-06-18,CA,Web
061194LAPOR,2025-06-18,SOF,Téléphone
310566VASSE,2025-06-18,SOF,Téléphone
110886FAURE,2025-06-18,LCL,Web
210268GÉRAR,2025-06-18,LCL,Agence
261183MARTE,2025-06-18,SOF,Agence
101067FABRE,2025-06-18,CA,Agence
031090GUÉRI,2025-06-18,LCL,Web
220697BRUN,2025-06-18,CA,Téléphone
070392LELIÈ,2025-06-18,CA,Agence
261098LAROC,2025-06-18,SOF,Web
130771FERNA,2025-06-18,SOF,Web
040974SCHNE,2025-06-18,SOF,Téléphone
220291BRIAN,2025-06-18,LCL,Téléphone
030406SAUVA,2025-06-18,SOF,Web
250778TOUSS,2025-06-18,SOF,Web
040391LAGAR,2025-06-18,CA,Téléphone
141072NAVAR,2025-06-18,LCL,Web
060577ÉTIEN,2025-06-18,CA,Agence
040484NOËL,2025-06-18,LCL,Téléphone
110787LOPEZ,2025-06-18,LCL,Web
121294LECLE,2025-06-18,SOF,Web
291100PRUVO,2025-06-18,SOF,Web
140401BARTH,2025-06-18,CA,Agence
011103DUVAL,2025-06-18,LCL,Web
270474IMBER,2025-06-18,CA,Téléphone
280879JACQU,2025-06-18,SOF,Agence
110471RAYNA,2025-06-18,SOF,Web
011182GUÉRI,2025-06-18,LCL,Agence
110269LAMY,2025-06-18,CA,Agence
260977MARY,2025-06-18,SOF,Téléphone
300593TOUSS,2025-06-18,SOF,Téléphone
121006VOISI,2025-06-18,SOF,Téléphone
290684BAZIN,2025-06-18,LCL,Téléphone
110401MERCI,2025-06-18,SOF,Agence
201098GODAR,2025-06-18,LCL,Téléphone
020971JOLY,2025-06-18,CA,Téléphone
220976LUCAS,2025-06-18,CA,Téléphone
230177VALEN,2025-06-18,SOF,Téléphone
250495PELTI,2025-06-18,CA,Agence
100507ROBIN,2025-06-18,SOF,Web
010282GILLE,2025-06-18,CA,Téléphone
190597FERNA,2025-06-18,SOF,Web
200391HENRY,2025-06-18,SOF,Web
060687RENAU,2025-06-18,LCL,Agence
050974GAUDI,2025-06-18,SOF,Téléphone
171172CARLI,2025-06-18,LCL,Téléphone
130476PERRI,2025-06-18,SOF,Web
070867BARTH,2025-06-18,LCL,Web
190481VALEN,2025-06-18,CA,Agence
180867MARY,2025-06-18,SOF,Téléphone
290368ANTOI,2025-06-18,CA,Téléphone
010891PINTO,2025-06-18,LCL,Web
260874LEBRU,2025-06-18,SOF,Agence
190295FONTA,2025-06-18,CA,Téléphone
030186TURPI,2025-06-18,LCL,Web
070592BERTH,2025-06-18,LCL,Web
180977BAZIN,2025-06-18,LCL,Web
180402PETIT,2025-06-18,CA,Agence
241297FOUQU,2025-06-18,CA,Web
070394OLLIV,2025-06-18,SOF,Téléphone
250486LOPES,2025-06-18,CA,Téléphone
150507MARIE,2025-06-18,CA,Téléphone
030701ROCHE,2025-06-18,LCL,Web
031297NORMA,2025-06-18,LCL,Agence
161205MICHA,2025-06-18,CA,Web
171201MOREA,2025-06-18,CA,Web
080568MAILL,2025-06-18,LCL,Téléphone
180299ROCHE,2025-06-18,CA,Téléphone
050787MARÉC,2025-06-18,LCL,Agence
241085ROSSI,2025-06-18,LCL,Web
210101TOUSS,2025-06-18,SOF,Téléphone
191075BOYER,2025-06-18,SOF,Agence
040295VASSE,2025-06-18,SOF,Téléphone
241269ALVES,2025-06-18,SOF,Web
190871SANCH,2025-06-18,CA,Web
030174GILBE,2025-06-18,CA,Agence
040875BENOI,2025-06-18,LCL,Téléphone
230704CHAUV,2025-06-18,CA,Web
240173MAURY,2025-06-18,LCL,Agence
180668COLLE,2025-06-18,LCL,Téléphone
200694BÈGUE,2025-06-18,SOF,Web
210574POULA,2025-06-18,SOF,Agence
150166FERRA,2025-06-18,LCL,Téléphone
180897BLOND,2025-06-18,LCL,Agence
050102RIBEI,2025-06-18,LCL,Agence
100906GOSSE,2025-06-18,SOF,Agence
180864JULIE,2025-06-18,SOF,Web
120290VALEN,2025-06-18,CA,Agence
240300PELTI,2025-06-18,SOF,Agence
070504KLEIN,2025-06-18,SOF,Téléphone
030368DUMON,2025-06-18,LCL,Agence
230369LEDUC,2025-06-18,LCL,Web
250900BRUNE,2025-06-18,CA,Web
091268COSTE,2025-06-18,SOF,Agence
270580HOARA,2025-06-18,LCL,Web
300792DA CO,2025-06-18,SOF,Agence
160779ARNAU,2025-06-18,CA,Web
070303FABRE,2025-06-18,LCL,Web
010376PICHO,2025-06-18,CA,Web
250987MAURY,2025-06-18,SOF,Web
280906BAZIN,2025-06-18,CA,Web
300879MICHA,2025-06-18,CA,Téléphone
240881ROUSS,2025-06-18,SOF,Web
020400MARTI,2025-06-18,CA,Téléphone
290480GODAR,2025-06-18,LCL,Téléphone
310590HERVÉ,2025-06-18,LCL,Agence
180293LESAG,2025-06-18,LCL,Web
170488COURT,2025-06-18,SOF,Agence
270697BOUTI,2025-06-18,CA,Web
010403PERON,2025-06-18,SOF,Téléphone
090604COSTE,2025-06-18,SOF,Téléphone
170994BOUCH,2025-06-18,LCL,Web
230372LEBLA,2025-06-18,SOF,Téléphone
140486VOISI,2025-06-18,CA,Téléphone
101181GILLE,2025-06-18,SOF,Web
110368DA CO,2025-06-18,SOF,Web
120175FERRA,2025-06-18,CA,Agence
080165HARDY,2025-06-18,SOF,Agence
140271VOISI,2025-06-18,SOF,Téléphone
050282RAYMO,2025-06-18,LCL,Téléphone
160985FERRA,2025-06-18,SOF,Téléphone
090294JULIE,2025-06-18,SOF,Téléphone
200269MERLE,2025-06-18,CA,Téléphone
260996JOSEP,2025-06-18,CA,Agence
270676PELLE,2025-06-18,SOF,Agence
150282ROCHE,2025-06-18,LCL,Web
310195AUGER,2025-06-18,SOF,Téléphone
180492CORDI,2025-06-18,CA,Agence
260770ROBIN,2025-06-18,CA,Agence
111002LEJEU,2025-06-18,SOF,Agence
011289LEFEB,2025-06-18,SOF,Web
170774COURT,2025-06-18,CA,Agence
210703LÉGER,2025-06-18,CA,Web
280269SCHNE,2025-06-18,LCL,Téléphone
111101MARTI,2025-06-18,LCL,Téléphone
010790HEBER,2025-06-18,CA,Web
100680REGNI,2025-06-18,CA,Web
170400LACOM,2025-06-18,LCL,Web
080470CARRE,2025-06-18,SOF,Téléphone
290380JOLY,2025-06-18,LCL,Téléphone
260506BERNI,2025-06-18,LCL,Agence
160706CLERC,2025-06-18,LCL,Agence
180185MARIE,2025-06-18,SOF,Agence
060802MACE,2025-06-18,CA,Agence
220786PAREN,2025-06-18,CA,Téléphone
030802AUBRY,2025-06-18,CA,Web
010166BARRE,2025-06-18,SOF,Web
260689DAVID,2025-06-18,SOF,Agence
310592JOLY,2025-06-18,LCL,Téléphone
180577DUFOU,2025-06-18,LCL,Téléphone
020405LECLE,2025-06-18,CA,Web
030876TEIXE,2025-06-18,CA,Agence
200699JOURD,2025-06-18,LCL,Téléphone
090489ALBER,2025-06-18,LCL,Téléphone
221185LELIÈ,2025-06-18,SOF,Téléphone
051172DESCA,2025-06-18,CA,Téléphone
170188THOMA,2025-06-18,LCL,Web
100165SANCH,2025-06-18,LCL,Téléphone
030968VAILL,2025-06-18,CA,Agence
200665PRÉVO,2025-06-18,CA,Web
220882TECHE,2025-06-18,SOF,Web
130979LECOQ,2025-06-18,CA,Web
190806BRIAN,2025-06-18,CA,Web
010990MARQU,2025-06-18,LCL,Agence
121079FAURE,2025-06-18,LCL,Agence
050476GOMEZ,2025-06-18,CA,Téléphone
161179VAILL,2025-06-18,LCL,Web
230973EVRAR,2025-06-18,CA,Web
041287MARCH,2025-06-18,CA,Web
101266MENDÈ,2025-06-18,LCL,Téléphone
030167CHEVA,2025-06-18,LCL,Téléphone
310872TEXIE,2025-06-18,CA,Agence
231079BONNE,2025-06-18,CA,Téléphone
090297LEBRE,2025-06-18,SOF,Téléphone
040667LUCAS,2025-06-18,LCL,Agence
310179MERLE,2025-06-18,LCL,Web
301070CAMUS,2025-06-18,CA,Web
130894GRENI,2025-06-18,SOF,Agence
200778NGUYE,2025-06-18,LCL,Web
211195BARTH,2025-06-18,CA,Web
080484DE OL,2025-06-18,LCL,Téléphone
060289GOMEZ,2025-06-18,CA,Web
260195EVRAR,2025-06-18,CA,Agence
270298TORRE,2025-06-18,SOF,Agence
241195COSTA,2025-06-18,CA,Agence
020770GALLE,2025-06-18,LCL,Agence
270567RICHA,2025-06-18,SOF,Téléphone
301170GUÉRI,2025-06-18,SOF,Téléphone
140874PERRE,2025-06-18,CA,Agence
270396DUPUY,2025-06-18,CA,Téléphone
270372HUBER,2025-06-18,SOF,Téléphone
070778HEBER,2025-06-18,LCL,Agence
160804MERCI,2025-06-18,SOF,Web
150182EVRAR,2025-06-18,LCL,Web
080794GAY,2025-06-18,SOF,Téléphone
090889OLIVI,2025-06-18,LCL,Téléphone
280866ÉTIEN,2025-06-18,LCL,Téléphone
031070LENOI,2025-06-18,SOF,Téléphone
150198HENRY,2025-06-18,CA,Téléphone
180477DELAT,2025-06-18,CA,Agence
291077BOULA,2025-06-18,SOF,Web
011088MASSE,2025-06-18,CA,Web
280875MERLE,2025-06-18,SOF,Web
280378BRUNE,2025-06-18,CA,Web
221189ROUSS,2025-06-18,SOF,Agence
271197BERGE,2025-06-18,LCL,Agence
040404PAYET,2025-06-18,CA,Web
221175MILLE,2025-06-18,SOF,Téléphone
120170PEREI,2025-06-18,CA,Téléphone
140367COUTU,2025-06-18,LCL,Agence
250896BLANC,2025-06-18,LCL,Web
220298MEUNI,2025-06-18,SOF,Téléphone
121172LELEU,2025-06-18,SOF,Agence
310882GIMEN,2025-06-18,SOF,Téléphone
010975COUTU,2025-06-18,LCL,Web
301165ALEXA,2025-06-18,SOF,Web
010500LABBÉ,2025-06-18,LCL,Téléphone
010395LEBON,2025-06-18,LCL,Téléphone
310881JOLY,2025-06-18,CA,Agence
050805JACOB,2025-06-18,SOF,Web
200201BRUNE,2025-06-18,SOF,Web
020676MARQU,2025-06-18,CA,Téléphone
020577DELOR,2025-06-18,LCL,Web
230366PELLE,2025-06-18,LCL,Agence
150307CHARL,2025-06-18,CA,Agence
290179LE GO,2025-06-18,SOF,Agence
140294MILLE,2025-06-18,CA,Agence
070871GOMES,2025-06-18,SOF,Agence
240899BARRE,2025-06-18,SOF,Téléphone
220405ROUSS,2025-06-18,LCL,Téléphone
130293GILLE,2025-06-18,LCL,Téléphone
290978BONNE,2025-06-18,SOF,Agence
290578PERRO,2025-06-18,CA,Agence
270287GUYON,2025-06-18,LCL,Agence
120895PERRI,2025-06-18,LCL,Agence
150566HENRY,2025-06-18,SOF,Téléphone
130906COLAS,2025-06-18,CA,Agence
050796MOREN,2025-06-18,LCL,Web
270692GAY,2025-06-18,SOF,Téléphone
250777EVRAR,2025-06-18,SOF,Web
131002GOMES,2025-06-18,CA,Téléphone
060794GOMES,2025-06-18,SOF,Web
071089BOULA,2025-06-18,SOF,Agence
050486BLOT,2025-06-18,SOF,Agence
080881COLLI,2025-06-18,LCL,Téléphone
270189ROBIN,2025-06-18,CA,Agence
130787VOISI,2025-06-18,CA,Téléphone
090677ROLLA,2025-06-18,CA,Téléphone
070604ROUX,2025-06-18,SOF,Téléphone
240806EVRAR,2025-06-18,SOF,Téléphone
110806RUIZ,2025-06-18,LCL,Web
041292GALLE,2025-06-18,LCL,Téléphone
111101SAUVA,2025-06-18,SOF,Web
191000LEJEU,2025-06-18,CA,Agence
140376GAUDI,2025-06-18,SOF,Web
240201DELAH,2025-06-18,LCL,Web
180690BRUNE,2025-06-18,CA,Web
030887JACOB,2025-06-18,SOF,Téléphone
150602MEUNI,2025-06-18,SOF,Web
240199VERDI,2025-06-18,SOF,Agence
220589LELEU,2025-06-18,LCL,Agence
270193BOUVE,2025-06-18,SOF,Web
090395VALET,2025-06-18,LCL,Téléphone
240370SAMSO,2025-06-18,CA,Agence
280572BRIAN,2025-06-18,LCL,Agence
220875GUILL,2025-06-18,LCL,Agence
270570TURPI,2025-06-18,CA,Téléphone
140698ROUSS,2025-06-18,LCL,Téléphone
030864BIGOT,2025-06-18,LCL,Web
181185BERNA,2025-06-18,LCL,Web
070869ROUSS,2025-06-18,SOF,Web
210303BOUTI,2025-06-18,LCL,Web
141188PERRO,2025-06-18,SOF,Agence
141285LACOM,2025-06-18,SOF,Agence
210578VOISI,2025-06-18,CA,Téléphone
251091DURAN,2025-06-18,SOF,Agence
210474LECLE,2025-06-18,SOF,Web
180702NICOL,2025-06-18,LCL,Web
070781VALET,2025-06-18,LCL,Agence
171294GALLE,2025-06-18,CA,Téléphone
090679GUILL,2025-06-18,LCL,Agence
290972ROCHE,2025-06-18,SOF,Agence
200785HAMON,2025-06-18,CA,Web
160298LAROC,2025-06-18,LCL,Agence
300568MORVA,2025-06-18,LCL,Téléphone
191176DANIE,2025-06-18,LCL,Téléphone
140176CHAUV,2025-06-18,LCL,Agence
200383PERRI,2025-06-18,CA,Web
140507CHARR,2025-06-18,CA,Web
111084PERRO,2025-06-18,SOF,Téléphone
050288FAIVR,2025-06-18,CA,Agence
131289BRUNE,2025-06-18,LCL,Téléphone
201074GUILL,2025-06-18,SOF,Agence
241274LEDUC,2025-06-18,LCL,Agence
141074JOLY,2025-06-18,SOF,Agence
090801REYNA,2025-06-18,SOF,Agence
030369GUYOT,2025-06-18,LCL,Web
270398LEROU,2025-06-18,SOF,Agence
160167BARTH,2025-06-18,CA,Agence
031106VALEN,2025-06-18,CA,Téléphone
031005LAMBE,2025-06-18,LCL,Agence
140595GUYOT,2025-06-18,CA,Téléphone
210990HAMON,2025-06-18,LCL,Téléphone
190802GAUTI,2025-06-18,SOF,Web
110572LE RO,2025-06-18,SOF,Web
170565MAILL,2025-06-18,SOF,Agence
210392LABBÉ,2025-06-18,SOF,Téléphone
110671SANCH,2025-06-18,SOF,Téléphone
020487RICHA,2025-06-18,CA,Agence
290402TANGU,2025-06-18,LCL,Agence
040987DA CO,2025-06-18,CA,Téléphone
251168MARCH,2025-06-18,LCL,Web
270782MALLE,2025-06-18,CA,Téléphone
181197VOISI,2025-06-18,SOF,Agence
150898ROUSS,2025-06-18,CA,Web
101006ALVES,2025-06-18,LCL,Agence
090702LAMBE,2025-06-18,CA,Web
260780HAMEL,2025-06-18,SOF,Agence
200203HOARA,2025-06-18,CA,Téléphone
301187WEISS,2025-06-18,CA,Agence
210589LELIÈ,2025-06-18,LCL,Web
170697MORIN,2025-06-18,CA,Agence
160603LEFÈV,2025-06-18,LCL,Téléphone
090379BOULA,2025-06-18,LCL,Agence
170673VASSE,2025-06-18,CA,Téléphone
020305PERRI,2025-06-18,SOF,Agence
201097COLIN,2025-06-18,SOF,Web
300866MICHE,2025-06-18,LCL,Web
060189DELAT,2025-06-18,LCL,Web
210871RIOU,2025-06-18,SOF,Téléphone
280877BRUNE,2025-06-18,SOF,Agence
080578CHAUV,2025-06-18,CA,Web
270780FLEUR,2025-06-18,CA,Téléphone
300664COULO,2025-06-18,LCL,Téléphone
141094LELIÈ,2025-06-18,CA,Web
310870LOISE,2025-06-18,CA,Téléphone
310775DAVID,2025-06-18,CA,Téléphone
220366HOARA,2025-06-18,LCL,Téléphone
241072GOMEZ,2025-06-18,CA,Web
230285FONTA,2025-06-18,SOF,Web
310769BOUVE,2025-06-18,CA,Agence
231082COUSI,2025-06-18,CA,Web
130970LOMBA,2025-06-18,LCL,Téléphone
180674TANGU,2025-06-18,LCL,Téléphone
060394BECKE,2025-06-18,LCL,Téléphone
040378BRUN,2025-06-18,LCL,Web
290594LENOI,2025-06-18,LCL,Web
281285PERRE,2025-06-18,CA,Téléphone
260365LECON,2025-06-18,LCL,Téléphone
020996DUPUY,2025-06-18,LCL,Web
050567LECOQ,2025-06-18,CA,Agence
020191DOS S,2025-06-18,LCL,Agence
040785CORDI,2025-06-18,SOF,Web
110398BLOND,2025-06-18,CA,Web
131065DESCH,2025-06-18,CA,Agence
110681PONS,2025-06-18,SOF,Téléphone
051284COSTA,2025-06-18,CA,Téléphone
280879GRÉGO,2025-06-18,CA,Téléphone
090165TORRE,2025-06-18,LCL,Web
191164BIGOT,2025-06-18,SOF,Agence
150472CHARP,2025-06-18,SOF,Agence
240265MASSO,2025-06-18,LCL,Agence
240168DUPUY,2025-06-18,CA,Agence
111286BERTR,2025-06-18,SOF,Web
160388TRAOR,2025-06-18,SOF,Téléphone
311081BOUVE,2025-06-18,CA,Agence
100193PIRES,2025-06-18,LCL,Web
010895RUIZ,2025-06-18,SOF,Téléphone
300666FAURE,2025-06-18,CA,Téléphone
170407OLLIV,2025-06-18,CA,Agence
191193PETIT,2025-06-18,LCL,Téléphone
130295HOARE,2025-06-18,SOF,Web
090874BOUVE,2025-06-18,LCL,Web
230185DUBOI,2025-06-18,CA,Téléphone
070889LOPEZ,2025-06-18,CA,Web
060574BARON,2025-06-18,LCL,Téléphone
251206ROBIN,2025-06-18,SOF,Téléphone
060180MARY,2025-06-18,SOF,Web
101270JACQU,2025-06-18,SOF,Agence
250497MENDÈ,2025-06-18,CA,Agence
130872DE SO,2025-06-18,LCL,Web
080278PHILI,2025-06-18,CA,Web
090695LOPES,2025-06-18,SOF,Agence
251291SAUVA,2025-06-18,SOF,Web
060904NAVAR,2025-06-18,CA,Web
020689RÉMY,2025-06-18,CA,Agence
150365LEFOR,2025-06-18,SOF,Web
180801MAURY,2025-06-18,LCL,Téléphone
301187MARTI,2025-06-18,CA,Agence
080590SAUVA,2025-06-18,SOF,Téléphone
180974PERRI,2025-06-18,LCL,Web
070502MERLE,2025-06-18,CA,Web
090285BERGE,2025-06-18,SOF,Agence
280389BARBI,2025-06-18,CA,Agence
090699POULA,2025-06-18,SOF,Web
290574FERNA,2025-06-18,CA,Web
310186ALLAR,2025-06-18,SOF,Téléphone
031288TANGU,2025-06-18,LCL,Agence
021090RIBEI,2025-06-18,LCL,Agence
160696RAYNA,2025-06-18,SOF,Web
050380DUPRÉ,2025-06-18,LCL,Web
240594CAMUS,2025-06-18,SOF,Web
130287TEIXE,2025-06-18,SOF,Téléphone
130786MARTI,2025-06-18,CA,Agence
040776BLOND,2025-06-18,SOF,Agence
181265CHEVA,2025-06-18,LCL,Web
241105WEBER,2025-06-18,LCL,Web
120599POIRI,2025-06-18,LCL,Agence
010781ROLLA,2025-06-18,SOF,Téléphone
140585TESSI,2025-06-18,CA,Web
290591ROYER,2025-06-18,LCL,Agence
170769GOMEZ,2025-06-18,CA,Web
130385LOMBA,2025-06-18,LCL,Agence
010204GILLE,2025-06-18,LCL,Web
150992MENDÈ,2025-06-18,CA,Web
020593BAZIN,2025-06-18,CA,Web
091289SANCH,2025-06-18,CA,Téléphone
100687FAIVR,2025-06-18,CA,Web
130703MICHA,2025-06-18,LCL,Web
070405MAILL,2025-06-18,LCL,Téléphone
101097JOUBE,2025-06-18,LCL,Agence
091096LUCAS,2025-06-18,SOF,Web
130107DELOR,2025-06-18,SOF,Web
080797BODIN,2025-06-18,CA,Agence
240365CHARP,2025-06-18,CA,Web
130365BOUCH,2025-06-18,CA,Téléphone
060972GUILL,2025-06-18,CA,Téléphone
260207LAURE,2025-06-18,LCL,Web
