id_client,date_envoi_surveillance,date_envoi_inscription,type_courrier,fic_type,origine_agence
181164DESCA,2025-04-27,,surveillance,FIC2,LCL
181164DESCA,,2025-06-01,inscription,FIC2,CA
200892MILLE,2025-04-26,,surveillance,FIC2,SOF
250472BARBI,2025-04-23,,surveillance,FIC4,SOF
250472BARBI,,2025-05-24,inscription,FIC1,SOF
190370COUTU,2025-04-23,,surveillance,FIC3,CA
190370COUTU,,2025-05-26,inscription,FIC3,CA
120389DUPUY,2025-04-30,,surveillance,FIC1,CA
180901CHARR,2025-04-15,,surveillance,FIC1,SOF
180901CHARR,,2025-05-21,inscription,FIC1,CA
310573ALLAI,2025-04-29,,surveillance,FIC4,LCL
200397DIALL,2025-04-22,,surveillance,FIC3,LCL
190696BOUVE,2025-04-28,,surveillance,FIC1,LCL
261067ALLAR,2025-04-19,,surveillance,FIC4,LCL
020984LEMOI,2025-04-23,,surveillance,FIC1,LCL
051082BARBI,2025-04-26,,surveillance,FIC2,CA
050393PICHO,2025-04-17,,surveillance,FIC3,LCL
311299MOREA,2025-04-22,,surveillance,FIC4,LCL
150670LAROC,2025-04-29,,surveillance,FIC3,CA
270802CHEVA,2025-04-24,,surveillance,FIC4,CA
041095RUIZ,2025-04-23,,surveillance,FIC2,LCL
041095RUIZ,,2025-05-24,inscription,FIC3,SOF
221078BOURG,2025-04-25,,surveillance,FIC2,CA
221078BOURG,,2025-05-26,inscription,FIC2,SOF
300195LEDOU,2025-04-16,,surveillance,FIC3,LCL
181083BONNI,2025-04-27,,surveillance,FIC4,CA
060587GOMES,2025-04-29,,surveillance,FIC3,CA
060587GOMES,,2025-06-01,inscription,FIC2,SOF
310795BLANC,2025-04-25,,surveillance,FIC4,CA
120571GAUTH,2025-04-27,,surveillance,FIC4,CA
120571GAUTH,,2025-06-03,inscription,FIC2,CA
200795BOUCH,2025-04-17,,surveillance,FIC4,CA
200795BOUCH,,2025-05-22,inscription,FIC4,SOF
050279MENDÈ,2025-04-24,,surveillance,FIC4,CA
050279MENDÈ,,2025-05-29,inscription,FIC2,CA
231072DENIS,2025-04-27,,surveillance,FIC2,SOF
180890BONNE,2025-04-30,,surveillance,FIC3,CA
270170DUBOI,2025-04-19,,surveillance,FIC1,CA
270170DUBOI,,2025-05-23,inscription,FIC2,SOF
260400DUMAS,2025-04-28,,surveillance,FIC4,LCL
140978DESCA,2025-04-30,,surveillance,FIC2,CA
140978DESCA,,2025-06-04,inscription,FIC1,LCL
170587MARTI,2025-04-18,,surveillance,FIC2,CA
170587MARTI,,2025-05-25,inscription,FIC2,CA
140480TURPI,2025-04-24,,surveillance,FIC4,LCL
140480TURPI,,2025-05-31,inscription,FIC1,CA
290796LECON,2025-04-22,,surveillance,FIC4,CA
021172SANCH,2025-04-24,,surveillance,FIC2,LCL
021172SANCH,,2025-05-31,inscription,FIC3,CA
261279LAPOR,2025-04-25,,surveillance,FIC3,CA
261279LAPOR,,2025-05-27,inscription,FIC4,CA
300403CHEVA,2025-04-24,,surveillance,FIC4,LCL
141278DA SI,2025-04-20,,surveillance,FIC2,SOF
141278DA SI,,2025-05-25,inscription,FIC4,SOF
230567LE GO,2025-04-24,,surveillance,FIC4,SOF
230567LE GO,,2025-05-28,inscription,FIC1,LCL
241198COULO,2025-04-23,,surveillance,FIC3,LCL
141282RODRI,2025-04-29,,surveillance,FIC2,CA
081274MILLE,2025-04-26,,surveillance,FIC1,SOF
081274MILLE,,2025-05-31,inscription,FIC1,CA
260165TORRE,2025-04-16,,surveillance,FIC1,CA
260165TORRE,,2025-05-20,inscription,FIC3,SOF
061104DUPUI,2025-04-21,,surveillance,FIC2,CA
120302MAILL,2025-04-21,,surveillance,FIC3,CA
120302MAILL,,2025-05-22,inscription,FIC1,SOF
010778LAMBE,2025-04-29,,surveillance,FIC3,LCL
150570CHRÉT,2025-04-27,,surveillance,FIC4,LCL
161291CORDI,2025-04-30,,surveillance,FIC1,LCL
161291CORDI,,2025-06-04,inscription,FIC3,CA
210674DELMA,2025-04-18,,surveillance,FIC4,LCL
210674DELMA,,2025-05-25,inscription,FIC3,CA
191091THOMA,2025-04-21,,surveillance,FIC2,CA
030590OLIVI,2025-04-24,,surveillance,FIC1,LCL
050580PRUVO,2025-04-29,,surveillance,FIC3,CA
050580PRUVO,,2025-06-02,inscription,FIC2,SOF
040781COSTE,2025-04-18,,surveillance,FIC4,LCL
040781COSTE,,2025-05-19,inscription,FIC3,SOF
211002DUHAM,2025-04-20,,surveillance,FIC4,LCL
211002DUHAM,,2025-05-22,inscription,FIC4,CA
301180PONS,2025-04-16,,surveillance,FIC2,CA
011167MAURI,2025-04-18,,surveillance,FIC2,CA
160999BÈGUE,2025-04-17,,surveillance,FIC4,CA
160999BÈGUE,,2025-05-20,inscription,FIC4,SOF
090865CHRÉT,2025-04-29,,surveillance,FIC3,LCL
090865CHRÉT,,2025-05-31,inscription,FIC2,LCL
291266DUBOI,2025-04-27,,surveillance,FIC2,CA
291266DUBOI,,2025-06-03,inscription,FIC1,CA
050306POIRI,2025-04-26,,surveillance,FIC4,LCL
271278MAURI,2025-04-16,,surveillance,FIC3,CA
271278MAURI,,2025-05-19,inscription,FIC1,CA
101078GAY,2025-04-16,,surveillance,FIC3,CA
101078GAY,,2025-05-19,inscription,FIC2,LCL
230868BRIAN,2025-04-23,,surveillance,FIC3,LCL
290667LÉVY,2025-04-23,,surveillance,FIC3,LCL
070470AUGER,2025-04-15,,surveillance,FIC4,CA
070470AUGER,,2025-05-19,inscription,FIC3,LCL
060780LECON,2025-04-16,,surveillance,FIC2,SOF
060780LECON,,2025-05-21,inscription,FIC2,LCL
230674DELAU,2025-04-17,,surveillance,FIC4,SOF
230674DELAU,,2025-05-22,inscription,FIC4,SOF
060675MARTE,2025-04-16,,surveillance,FIC2,CA
060675MARTE,,2025-05-22,inscription,FIC4,SOF
031088GUIBE,2025-04-29,,surveillance,FIC4,CA
111276DIDIE,2025-04-17,,surveillance,FIC4,LCL
061285VALET,2025-04-25,,surveillance,FIC3,CA
061285VALET,,2025-05-29,inscription,FIC4,CA
301274DE OL,2025-04-18,,surveillance,FIC4,SOF
110667ALLAI,2025-04-29,,surveillance,FIC4,SOF
280381LELIÈ,2025-04-23,,surveillance,FIC2,SOF
280381LELIÈ,,2025-05-25,inscription,FIC2,CA
071187WEISS,2025-04-26,,surveillance,FIC1,SOF
100885MARTI,2025-04-15,,surveillance,FIC1,SOF
090389ROUSS,2025-04-19,,surveillance,FIC4,CA
090389ROUSS,,2025-05-26,inscription,FIC4,CA
090582BOURD,2025-04-23,,surveillance,FIC1,CA
090582BOURD,,2025-05-24,inscription,FIC3,SOF
101277PETIT,2025-04-16,,surveillance,FIC1,LCL
101277PETIT,,2025-05-22,inscription,FIC2,LCL
291204FAIVR,2025-04-28,,surveillance,FIC3,LCL
240898JACQU,2025-04-15,,surveillance,FIC4,LCL
241073SEGUI,2025-04-16,,surveillance,FIC2,CA
040407BONNE,2025-04-27,,surveillance,FIC4,SOF
040407BONNE,,2025-05-29,inscription,FIC1,LCL
261071MACE,2025-04-29,,surveillance,FIC4,SOF
261071MACE,,2025-05-30,inscription,FIC3,LCL
160182CHARR,2025-04-22,,surveillance,FIC3,LCL
160182CHARR,,2025-05-23,inscription,FIC2,SOF
180404COULO,2025-04-19,,surveillance,FIC3,CA
230596PERRI,2025-04-23,,surveillance,FIC3,LCL
230596PERRI,,2025-05-27,inscription,FIC2,SOF
010596IMBER,2025-04-26,,surveillance,FIC2,CA
010596IMBER,,2025-05-31,inscription,FIC4,CA
310573MEUNI,2025-04-29,,surveillance,FIC3,LCL
310573MEUNI,,2025-05-30,inscription,FIC3,LCL
110678BUISS,2025-04-30,,surveillance,FIC1,SOF
140303RIBEI,2025-04-16,,surveillance,FIC2,LCL
140303RIBEI,,2025-05-22,inscription,FIC4,SOF
150777LETEL,2025-04-20,,surveillance,FIC3,CA
150777LETEL,,2025-05-23,inscription,FIC4,SOF
241298GROND,2025-04-23,,surveillance,FIC1,CA
010499TORRE,2025-04-15,,surveillance,FIC1,CA
010499TORRE,,2025-05-20,inscription,FIC1,SOF
250483JOSEP,2025-04-29,,surveillance,FIC1,SOF
250483JOSEP,,2025-06-01,inscription,FIC1,CA
060479BECKE,2025-04-19,,surveillance,FIC4,CA
060479BECKE,,2025-05-22,inscription,FIC2,LCL
130897HAMON,2025-04-20,,surveillance,FIC1,SOF
130897HAMON,,2025-05-22,inscription,FIC2,CA
020473ROUSS,2025-04-29,,surveillance,FIC3,LCL
210198MATHI,2025-04-20,,surveillance,FIC4,LCL
241265GARNI,2025-04-24,,surveillance,FIC3,CA
241265GARNI,,2025-05-25,inscription,FIC1,SOF
190973BESSO,2025-04-30,,surveillance,FIC3,SOF
190973BESSO,,2025-06-05,inscription,FIC4,SOF
020285COLLE,2025-04-20,,surveillance,FIC2,SOF
090971NAVAR,2025-04-19,,surveillance,FIC4,SOF
090971NAVAR,,2025-05-20,inscription,FIC4,SOF
051198MARIE,2025-04-30,,surveillance,FIC4,LCL
051198MARIE,,2025-06-06,inscription,FIC1,CA
290188GUILL,2025-04-24,,surveillance,FIC2,CA
290188GUILL,,2025-05-29,inscription,FIC2,LCL
090195BERNA,2025-04-16,,surveillance,FIC2,CA
200782DELOR,2025-04-17,,surveillance,FIC2,CA
280787VASSE,2025-04-20,,surveillance,FIC2,LCL
280787VASSE,,2025-05-22,inscription,FIC4,LCL
030600PASQU,2025-04-27,,surveillance,FIC4,LCL
030600PASQU,,2025-06-03,inscription,FIC1,SOF
200204EVRAR,2025-04-18,,surveillance,FIC2,LCL
261202DELAU,2025-04-16,,surveillance,FIC3,LCL
170566ROBIN,2025-04-17,,surveillance,FIC1,CA
270567LEBRE,2025-04-20,,surveillance,FIC3,SOF
091065DE SO,2025-04-22,,surveillance,FIC4,CA
150178THIBA,2025-04-23,,surveillance,FIC2,SOF
150178THIBA,,2025-05-29,inscription,FIC4,SOF
310175MAILL,2025-04-22,,surveillance,FIC2,LCL
310175MAILL,,2025-05-28,inscription,FIC1,CA
020379REY,2025-04-21,,surveillance,FIC1,LCL
020379REY,,2025-05-23,inscription,FIC2,SOF
190685BERTI,2025-04-16,,surveillance,FIC3,LCL
220582LE GO,2025-04-27,,surveillance,FIC2,SOF
230365BOUTI,2025-04-18,,surveillance,FIC4,SOF
230365BOUTI,,2025-05-25,inscription,FIC4,LCL
140994VIDAL,2025-04-23,,surveillance,FIC1,LCL
300472LEBON,2025-04-19,,surveillance,FIC1,SOF
300472LEBON,,2025-05-25,inscription,FIC2,CA
171005LECOQ,2025-04-26,,surveillance,FIC4,SOF
171005LECOQ,,2025-05-29,inscription,FIC3,CA
231066FERNA,2025-04-20,,surveillance,FIC3,LCL
190904LAMY,2025-04-28,,surveillance,FIC3,SOF
190904LAMY,,2025-06-02,inscription,FIC3,CA
021296EVRAR,2025-04-28,,surveillance,FIC4,SOF
021296EVRAR,,2025-05-30,inscription,FIC4,SOF
011095TURPI,2025-04-26,,surveillance,FIC1,CA
011095TURPI,,2025-06-02,inscription,FIC2,SOF
280869PICAR,2025-04-22,,surveillance,FIC3,SOF
200870DUBOI,2025-04-29,,surveillance,FIC2,LCL
240806LOISE,2025-04-15,,surveillance,FIC4,LCL
130196CHAUV,2025-04-19,,surveillance,FIC2,CA
130196CHAUV,,2025-05-23,inscription,FIC4,LCL
260165JOUBE,2025-04-24,,surveillance,FIC1,CA
260165JOUBE,,2025-05-27,inscription,FIC3,SOF
250597MOULI,2025-04-24,,surveillance,FIC1,CA
250801LAURE,2025-04-28,,surveillance,FIC3,LCL
250801LAURE,,2025-06-01,inscription,FIC1,LCL
200568COLLE,2025-04-21,,surveillance,FIC2,LCL
270578JOSEP,2025-04-15,,surveillance,FIC4,CA
221188FERNA,2025-04-30,,surveillance,FIC4,CA
221188FERNA,,2025-06-02,inscription,FIC4,CA
140300PELLE,2025-04-28,,surveillance,FIC2,SOF
030392DELAH,2025-04-15,,surveillance,FIC2,SOF
170301ALBER,2025-04-27,,surveillance,FIC1,CA
170301ALBER,,2025-06-02,inscription,FIC4,SOF
280184FONTA,2025-04-24,,surveillance,FIC2,CA
200282CHARL,2025-04-16,,surveillance,FIC4,SOF
200282CHARL,,2025-05-21,inscription,FIC4,LCL
181185PERON,2025-04-29,,surveillance,FIC1,SOF
180179MULLE,2025-04-18,,surveillance,FIC4,LCL
180179MULLE,,2025-05-23,inscription,FIC1,CA
241271MOREA,2025-04-17,,surveillance,FIC3,SOF
190580NEVEU,2025-04-25,,surveillance,FIC1,CA
190580NEVEU,,2025-05-29,inscription,FIC2,CA
170601RICHA,2025-04-26,,surveillance,FIC4,CA
271202FOUCH,2025-04-23,,surveillance,FIC4,CA
271202FOUCH,,2025-05-29,inscription,FIC2,LCL
180188MARIN,2025-04-19,,surveillance,FIC1,LCL
180188MARIN,,2025-05-20,inscription,FIC4,LCL
020990TORRE,2025-04-28,,surveillance,FIC3,SOF
200898HERVÉ,2025-04-15,,surveillance,FIC1,LCL
200898HERVÉ,,2025-05-16,inscription,FIC2,LCL
150501BLANC,2025-04-27,,surveillance,FIC3,LCL
150501BLANC,,2025-05-28,inscription,FIC2,LCL
110203MOULI,2025-04-23,,surveillance,FIC2,CA
110203MOULI,,2025-05-29,inscription,FIC4,SOF
030606FLEUR,2025-04-17,,surveillance,FIC1,LCL
040585COLLE,2025-04-22,,surveillance,FIC3,CA
040585COLLE,,2025-05-28,inscription,FIC3,SOF
180885MARQU,2025-04-18,,surveillance,FIC2,CA
180885MARQU,,2025-05-25,inscription,FIC1,CA
110674CLÉME,2025-04-19,,surveillance,FIC2,SOF
131075BLOND,2025-04-18,,surveillance,FIC1,CA
131075BLOND,,2025-05-19,inscription,FIC4,LCL
020275CHEVA,2025-04-22,,surveillance,FIC1,SOF
020275CHEVA,,2025-05-27,inscription,FIC4,LCL
211281BARRE,2025-04-26,,surveillance,FIC4,CA
211281BARRE,,2025-05-30,inscription,FIC4,LCL
110379DUMON,2025-04-17,,surveillance,FIC2,LCL
260779BLANC,2025-04-28,,surveillance,FIC3,CA
260779BLANC,,2025-06-02,inscription,FIC2,CA
061298NOËL,2025-04-23,,surveillance,FIC4,CA
061298NOËL,,2025-05-24,inscription,FIC3,SOF
110192MOULI,2025-04-17,,surveillance,FIC3,CA
040770PEREZ,2025-04-26,,surveillance,FIC2,CA
040770PEREZ,,2025-05-29,inscription,FIC3,LCL
040287HENRY,2025-04-22,,surveillance,FIC4,SOF
040287HENRY,,2025-05-25,inscription,FIC3,LCL
090879LANGL,2025-04-15,,surveillance,FIC4,CA
241078FISCH,2025-04-29,,surveillance,FIC3,LCL
151193GILLE,2025-04-21,,surveillance,FIC1,CA
151193GILLE,,2025-05-26,inscription,FIC4,SOF
020468FONTA,2025-04-27,,surveillance,FIC1,LCL
090401RICHA,2025-04-27,,surveillance,FIC4,CA
311080PRÉVO,2025-04-15,,surveillance,FIC4,SOF
050304ÉTIEN,2025-04-22,,surveillance,FIC4,SOF
080481LECOQ,2025-04-22,,surveillance,FIC2,CA
080202LEMAÎ,2025-04-17,,surveillance,FIC1,CA
100982DIALL,2025-04-18,,surveillance,FIC4,LCL
100982DIALL,,2025-05-24,inscription,FIC3,SOF
170279VALET,2025-04-27,,surveillance,FIC4,CA
031074JOURD,2025-04-21,,surveillance,FIC3,SOF
300672BOURD,2025-04-23,,surveillance,FIC3,LCL
170197SCHNE,2025-04-24,,surveillance,FIC2,SOF
170197SCHNE,,2025-05-30,inscription,FIC2,CA
121170DENIS,2025-04-27,,surveillance,FIC3,LCL
120504BECKE,2025-04-22,,surveillance,FIC2,CA
120504BECKE,,2025-05-23,inscription,FIC4,SOF
180671ROY,2025-04-28,,surveillance,FIC4,LCL
271006CHAUV,2025-04-29,,surveillance,FIC3,CA
190475SANCH,2025-04-30,,surveillance,FIC3,SOF
020501DUPUY,2025-04-16,,surveillance,FIC2,CA
020501DUPUY,,2025-05-19,inscription,FIC1,CA
151084TANGU,2025-04-20,,surveillance,FIC1,CA
151084TANGU,,2025-05-22,inscription,FIC2,CA
070265DELAT,2025-04-27,,surveillance,FIC1,SOF
070265DELAT,,2025-05-28,inscription,FIC4,CA
230789LACRO,2025-04-18,,surveillance,FIC2,SOF
221065DIAS,2025-04-19,,surveillance,FIC2,SOF
140180LEROU,2025-04-29,,surveillance,FIC4,SOF
280184GÉRAR,2025-04-28,,surveillance,FIC1,CA
280184GÉRAR,,2025-06-01,inscription,FIC2,SOF
250297ROUSS,2025-04-23,,surveillance,FIC2,SOF
281001LEBRE,2025-04-28,,surveillance,FIC1,LCL
130203SIMON,2025-04-28,,surveillance,FIC1,LCL
130203SIMON,,2025-06-03,inscription,FIC1,CA
250900DOS S,2025-04-30,,surveillance,FIC2,LCL
250900DOS S,,2025-06-01,inscription,FIC2,SOF
240197BLOND,2025-04-19,,surveillance,FIC1,LCL
130389PEREZ,2025-04-20,,surveillance,FIC3,CA
130389PEREZ,,2025-05-24,inscription,FIC3,CA
151088ROGER,2025-04-20,,surveillance,FIC1,CA
110265DUPUY,2025-04-15,,surveillance,FIC1,CA
110265DUPUY,,2025-05-20,inscription,FIC2,CA
230895PICHO,2025-04-25,,surveillance,FIC1,LCL
191081FLEUR,2025-04-17,,surveillance,FIC3,CA
191081FLEUR,,2025-05-22,inscription,FIC4,CA
250675LAMY,2025-04-30,,surveillance,FIC3,SOF
250675LAMY,,2025-06-06,inscription,FIC2,CA
171093GUIBE,2025-04-30,,surveillance,FIC2,LCL
010403EVRAR,2025-04-26,,surveillance,FIC4,CA
010403EVRAR,,2025-05-30,inscription,FIC1,LCL
210197VERDI,2025-04-18,,surveillance,FIC1,LCL
091290MULLE,2025-04-28,,surveillance,FIC4,SOF
091290MULLE,,2025-05-29,inscription,FIC4,CA
050373LEBLA,2025-04-23,,surveillance,FIC1,SOF
230594LECON,2025-04-26,,surveillance,FIC3,LCL
230594LECON,,2025-05-29,inscription,FIC3,CA
221184COLLE,2025-04-22,,surveillance,FIC3,CA
221184COLLE,,2025-05-25,inscription,FIC4,SOF
040192PINTO,2025-04-16,,surveillance,FIC2,LCL
040192PINTO,,2025-05-21,inscription,FIC2,CA
090596DE OL,2025-04-17,,surveillance,FIC3,CA
290595LEBRE,2025-04-17,,surveillance,FIC1,SOF
240684DELAU,2025-04-24,,surveillance,FIC2,SOF
191268ROUX,2025-04-25,,surveillance,FIC2,CA
220475BARRE,2025-04-27,,surveillance,FIC3,CA
220475BARRE,,2025-06-03,inscription,FIC3,CA
261182RIOU,2025-04-21,,surveillance,FIC4,CA
261182RIOU,,2025-05-28,inscription,FIC3,LCL
051101BAILL,2025-04-27,,surveillance,FIC4,LCL
051101BAILL,,2025-05-30,inscription,FIC2,CA
110583DIDIE,2025-04-21,,surveillance,FIC4,CA
110583DIDIE,,2025-05-26,inscription,FIC4,CA
060568MUNOZ,2025-04-17,,surveillance,FIC2,LCL
070772FERRA,2025-04-26,,surveillance,FIC1,SOF
070772FERRA,,2025-05-29,inscription,FIC3,LCL
300997TESSI,2025-04-16,,surveillance,FIC3,CA
020573MARQU,2025-04-18,,surveillance,FIC3,CA
300104POIRI,2025-04-22,,surveillance,FIC2,CA
300104POIRI,,2025-05-26,inscription,FIC1,LCL
261185PAYET,2025-04-24,,surveillance,FIC1,SOF
121179NEVEU,2025-04-15,,surveillance,FIC1,CA
121179NEVEU,,2025-05-16,inscription,FIC3,CA
120267BOUVE,2025-04-27,,surveillance,FIC1,SOF
120267BOUVE,,2025-06-01,inscription,FIC3,SOF
130689BOYER,2025-04-28,,surveillance,FIC2,SOF
130689BOYER,,2025-06-04,inscription,FIC2,CA
240592CHAUV,2025-04-17,,surveillance,FIC3,SOF
280305PETIT,2025-04-30,,surveillance,FIC1,SOF
110385GIMEN,2025-04-28,,surveillance,FIC4,LCL
110385GIMEN,,2025-05-31,inscription,FIC4,CA
030393BRETO,2025-04-21,,surveillance,FIC2,CA
250370BENOI,2025-04-29,,surveillance,FIC4,LCL
250370BENOI,,2025-06-02,inscription,FIC1,LCL
130979GUILL,2025-04-21,,surveillance,FIC1,LCL
170996LECLE,2025-04-15,,surveillance,FIC2,CA
170996LECLE,,2025-05-21,inscription,FIC2,LCL
040998CHARL,2025-04-16,,surveillance,FIC2,SOF
160990GUILB,2025-04-20,,surveillance,FIC1,CA
060494TOUSS,2025-04-29,,surveillance,FIC4,LCL
300967GILLE,2025-04-20,,surveillance,FIC4,LCL
170697HUBER,2025-04-18,,surveillance,FIC2,SOF
250266DIAZ,2025-04-23,,surveillance,FIC2,SOF
161101LENOI,2025-04-29,,surveillance,FIC2,LCL
250765LEMAÎ,2025-04-20,,surveillance,FIC3,CA
250765LEMAÎ,,2025-05-27,inscription,FIC2,SOF
030566TURPI,2025-04-25,,surveillance,FIC3,SOF
130903POTIE,2025-04-29,,surveillance,FIC1,SOF
160494MARTI,2025-04-15,,surveillance,FIC2,LCL
150103PERRE,2025-04-22,,surveillance,FIC4,CA
150103PERRE,,2025-05-25,inscription,FIC3,CA
020390MARTE,2025-04-21,,surveillance,FIC4,CA
020390MARTE,,2025-05-25,inscription,FIC3,CA
140398GAILL,2025-04-24,,surveillance,FIC3,LCL
140398GAILL,,2025-05-30,inscription,FIC1,SOF
010373MARQU,2025-04-26,,surveillance,FIC2,LCL
200271ANTOI,2025-04-18,,surveillance,FIC2,SOF
200271ANTOI,,2025-05-22,inscription,FIC4,SOF
270990NOËL,2025-04-17,,surveillance,FIC1,LCL
270990NOËL,,2025-05-18,inscription,FIC1,SOF
220302GAUTH,2025-04-29,,surveillance,FIC1,CA
220302GAUTH,,2025-06-04,inscription,FIC3,SOF
100497DELAH,2025-04-18,,surveillance,FIC4,CA
100497DELAH,,2025-05-23,inscription,FIC1,LCL
140505GRENI,2025-04-20,,surveillance,FIC3,SOF
140505GRENI,,2025-05-23,inscription,FIC3,SOF
230706BAZIN,2025-04-19,,surveillance,FIC1,SOF
230706BAZIN,,2025-05-22,inscription,FIC1,CA
250399PRUVO,2025-04-22,,surveillance,FIC1,LCL
250399PRUVO,,2025-05-25,inscription,FIC2,CA
021075LOISE,2025-04-29,,surveillance,FIC4,LCL
021075LOISE,,2025-05-30,inscription,FIC4,LCL
190168EVRAR,2025-04-26,,surveillance,FIC4,SOF
301176MARÉC,2025-04-17,,surveillance,FIC4,CA
301176MARÉC,,2025-05-23,inscription,FIC3,SOF
230499PARIS,2025-04-19,,surveillance,FIC3,LCL
230499PARIS,,2025-05-26,inscription,FIC3,CA
291283LUCAS,2025-04-23,,surveillance,FIC2,LCL
291283LUCAS,,2025-05-28,inscription,FIC3,LCL
061106BERNI,2025-04-16,,surveillance,FIC3,LCL
060894POTIE,2025-04-16,,surveillance,FIC4,LCL
200481MASSO,2025-04-15,,surveillance,FIC4,SOF
310768JOLY,2025-04-17,,surveillance,FIC1,CA
210266VALLE,2025-04-28,,surveillance,FIC1,SOF
210266VALLE,,2025-06-03,inscription,FIC3,LCL
070105DENIS,2025-04-20,,surveillance,FIC3,LCL
090580DELAN,2025-04-27,,surveillance,FIC1,LCL
040594TEXIE,2025-04-25,,surveillance,FIC4,LCL
040594TEXIE,,2025-05-30,inscription,FIC4,CA
220171BLANC,2025-04-20,,surveillance,FIC2,LCL
050875BLOT,2025-04-28,,surveillance,FIC2,SOF
150968ROUSS,2025-04-27,,surveillance,FIC3,SOF
091285BRIAN,2025-04-30,,surveillance,FIC1,SOF
091285BRIAN,,2025-06-02,inscription,FIC3,SOF
091266COSTA,2025-04-27,,surveillance,FIC2,CA
050577ALBER,2025-04-16,,surveillance,FIC1,LCL
220781ROYER,2025-04-27,,surveillance,FIC3,CA
220781ROYER,,2025-06-01,inscription,FIC2,LCL
110484FISCH,2025-04-20,,surveillance,FIC1,LCL
110484FISCH,,2025-05-27,inscription,FIC1,CA
250793POTIE,2025-04-19,,surveillance,FIC4,SOF
250793POTIE,,2025-05-25,inscription,FIC4,CA
170667GOMES,2025-04-24,,surveillance,FIC1,CA
170667GOMES,,2025-05-31,inscription,FIC2,CA
200864POTTI,2025-04-25,,surveillance,FIC1,CA
200864POTTI,,2025-05-26,inscription,FIC4,CA
271299TEXIE,2025-04-24,,surveillance,FIC1,CA
271299TEXIE,,2025-05-31,inscription,FIC2,SOF
170797FERRE,2025-04-17,,surveillance,FIC3,CA
280368LAROC,2025-04-30,,surveillance,FIC2,LCL
280368LAROC,,2025-05-31,inscription,FIC2,CA
191094RAYNA,2025-04-19,,surveillance,FIC1,SOF
191094RAYNA,,2025-05-24,inscription,FIC1,SOF
130990COLAS,2025-04-29,,surveillance,FIC2,LCL
130990COLAS,,2025-06-05,inscription,FIC2,CA
111187LE RO,2025-04-18,,surveillance,FIC2,SOF
111187LE RO,,2025-05-23,inscription,FIC3,SOF
090876SAMSO,2025-04-23,,surveillance,FIC3,LCL
090876SAMSO,,2025-05-25,inscription,FIC3,CA
161168COULO,2025-04-22,,surveillance,FIC2,CA
161168COULO,,2025-05-23,inscription,FIC2,LCL
140796LÉVÊQ,2025-04-18,,surveillance,FIC4,LCL
240176MASSO,2025-04-18,,surveillance,FIC2,SOF
190588HOARE,2025-04-30,,surveillance,FIC3,CA
190588HOARE,,2025-06-02,inscription,FIC3,SOF
090382CARON,2025-04-23,,surveillance,FIC3,CA
080176BERNA,2025-04-23,,surveillance,FIC1,LCL
070971DUPON,2025-04-19,,surveillance,FIC3,SOF
070971DUPON,,2025-05-24,inscription,FIC3,SOF
041083MORIN,2025-04-23,,surveillance,FIC1,LCL
270291MACE,2025-04-20,,surveillance,FIC2,SOF
270291MACE,,2025-05-26,inscription,FIC1,LCL
040168VALLÉ,2025-04-22,,surveillance,FIC4,CA
251169DELOR,2025-04-16,,surveillance,FIC1,SOF
251169DELOR,,2025-05-20,inscription,FIC3,LCL
230768DELMA,2025-04-25,,surveillance,FIC3,SOF
230768DELMA,,2025-05-29,inscription,FIC3,CA
110975PIRES,2025-04-24,,surveillance,FIC1,SOF
150888PEREZ,2025-04-28,,surveillance,FIC1,CA
150888PEREZ,,2025-06-03,inscription,FIC2,SOF
041206BARBI,2025-04-25,,surveillance,FIC3,CA
160476RIVIÈ,2025-04-20,,surveillance,FIC4,SOF
160476RIVIÈ,,2025-05-26,inscription,FIC4,SOF
110566MILLE,2025-04-19,,surveillance,FIC1,CA
110566MILLE,,2025-05-21,inscription,FIC3,SOF
211178LÉGER,2025-04-20,,surveillance,FIC1,CA
120980MULLE,2025-04-18,,surveillance,FIC2,LCL
120980MULLE,,2025-05-23,inscription,FIC3,SOF
180879LÉVÊQ,2025-04-29,,surveillance,FIC1,CA
110892GIRAU,2025-04-30,,surveillance,FIC2,LCL
110892GIRAU,,2025-06-06,inscription,FIC1,SOF
251203DUMAS,2025-04-22,,surveillance,FIC4,SOF
151097TOUSS,2025-04-21,,surveillance,FIC3,LCL
151097TOUSS,,2025-05-23,inscription,FIC2,CA
220992LE GO,2025-04-22,,surveillance,FIC1,SOF
220992LE GO,,2025-05-26,inscription,FIC1,SOF
070791LEMOI,2025-04-19,,surveillance,FIC2,LCL
070791LEMOI,,2025-05-23,inscription,FIC3,LCL
021185REY,2025-04-21,,surveillance,FIC2,SOF
021185REY,,2025-05-24,inscription,FIC1,LCL
170203MARY,2025-04-20,,surveillance,FIC2,CA
170203MARY,,2025-05-21,inscription,FIC3,CA
130193NICOL,2025-04-15,,surveillance,FIC3,LCL
130193NICOL,,2025-05-17,inscription,FIC2,CA
090103TEIXE,2025-04-30,,surveillance,FIC4,SOF
141084ROCHE,2025-04-18,,surveillance,FIC4,LCL
141084ROCHE,,2025-05-23,inscription,FIC4,LCL
310885GIRAU,2025-04-30,,surveillance,FIC2,CA
210497JULIE,2025-04-23,,surveillance,FIC3,LCL
190800GILLE,2025-04-21,,surveillance,FIC4,LCL
051005ROGER,2025-04-25,,surveillance,FIC1,LCL
290695CHARL,2025-04-27,,surveillance,FIC4,LCL
290695CHARL,,2025-05-29,inscription,FIC4,CA
210181BENOI,2025-04-27,,surveillance,FIC4,LCL
200479LEMON,2025-04-30,,surveillance,FIC2,SOF
160965LÉVY,2025-04-28,,surveillance,FIC2,SOF
160965LÉVY,,2025-06-01,inscription,FIC1,SOF
070185LECLE,2025-04-28,,surveillance,FIC3,LCL
191104BOYER,2025-04-19,,surveillance,FIC2,SOF
300478NICOL,2025-04-16,,surveillance,FIC2,SOF
300478NICOL,,2025-05-17,inscription,FIC1,SOF
210293CHAUV,2025-04-19,,surveillance,FIC1,SOF
011091BUISS,2025-04-29,,surveillance,FIC4,SOF
010379PRÉVO,2025-04-26,,surveillance,FIC1,CA
150178BUISS,2025-04-23,,surveillance,FIC2,CA
101172PRÉVO,2025-04-17,,surveillance,FIC1,SOF
081091ARNAU,2025-04-15,,surveillance,FIC3,LCL
030596LENOI,2025-04-24,,surveillance,FIC3,SOF
030596LENOI,,2025-05-29,inscription,FIC1,CA
080898GAUDI,2025-04-23,,surveillance,FIC2,CA
080898GAUDI,,2025-05-29,inscription,FIC2,CA
101284MICHA,2025-04-22,,surveillance,FIC2,LCL
221070RAMOS,2025-04-27,,surveillance,FIC4,SOF
221070RAMOS,,2025-05-30,inscription,FIC2,LCL
260373MARQU,2025-04-25,,surveillance,FIC2,CA
260373MARQU,,2025-05-27,inscription,FIC1,LCL
010786CHARP,2025-04-15,,surveillance,FIC2,CA
191001NICOL,2025-04-21,,surveillance,FIC1,CA
191001NICOL,,2025-05-26,inscription,FIC1,LCL
211087DA SI,2025-04-29,,surveillance,FIC1,LCL
211087DA SI,,2025-06-04,inscription,FIC1,LCL
301096REYNA,2025-04-24,,surveillance,FIC1,LCL
281100PICAR,2025-04-20,,surveillance,FIC3,LCL
040882CHEVA,2025-04-22,,surveillance,FIC2,CA
270872ROGER,2025-04-16,,surveillance,FIC1,LCL
260596LABBÉ,2025-04-29,,surveillance,FIC2,LCL
260176JOUBE,2025-04-24,,surveillance,FIC1,LCL
260176JOUBE,,2025-05-25,inscription,FIC1,CA
181066MERCI,2025-04-22,,surveillance,FIC1,SOF
210484LEGRO,2025-04-16,,surveillance,FIC3,SOF
210484LEGRO,,2025-05-19,inscription,FIC2,LCL
030483DEVAU,2025-04-28,,surveillance,FIC2,CA
030483DEVAU,,2025-05-31,inscription,FIC4,SOF
141286LAMBE,2025-04-16,,surveillance,FIC3,SOF
230997LEDOU,2025-04-30,,surveillance,FIC4,CA
230997LEDOU,,2025-05-31,inscription,FIC2,SOF
241104ALLAI,2025-04-20,,surveillance,FIC3,LCL
241104ALLAI,,2025-05-24,inscription,FIC2,LCL
090786HARDY,2025-04-17,,surveillance,FIC4,SOF
110775DUHAM,2025-04-16,,surveillance,FIC1,CA
260299PARIS,2025-04-15,,surveillance,FIC1,SOF
260299PARIS,,2025-05-20,inscription,FIC3,CA
050204BOUCH,2025-04-26,,surveillance,FIC1,SOF
050204BOUCH,,2025-05-31,inscription,FIC2,LCL
180490POTTI,2025-04-21,,surveillance,FIC4,CA
020265BOUTI,2025-04-29,,surveillance,FIC3,CA
020265BOUTI,,2025-05-31,inscription,FIC3,SOF
010483BUISS,2025-04-22,,surveillance,FIC2,CA
010483BUISS,,2025-05-29,inscription,FIC4,SOF
170973CAMUS,2025-04-21,,surveillance,FIC4,LCL
120989THOMA,2025-04-24,,surveillance,FIC2,SOF
120989THOMA,,2025-05-31,inscription,FIC2,LCL
190570MULLE,2025-04-20,,surveillance,FIC2,LCL
190570MULLE,,2025-05-21,inscription,FIC2,SOF
241199GAUDI,2025-04-18,,surveillance,FIC4,SOF
270398VALET,2025-04-26,,surveillance,FIC1,SOF
270398VALET,,2025-05-30,inscription,FIC1,LCL
070891LAGAR,2025-04-25,,surveillance,FIC1,LCL
120406GUIBE,2025-04-28,,surveillance,FIC2,LCL
140568MAILL,2025-04-26,,surveillance,FIC4,SOF
140568MAILL,,2025-05-30,inscription,FIC1,LCL
130393LOPEZ,2025-04-24,,surveillance,FIC1,SOF
110481PETIT,2025-04-24,,surveillance,FIC1,CA
190206PARIS,2025-04-29,,surveillance,FIC3,SOF
190483DA CO,2025-04-21,,surveillance,FIC1,SOF
190483DA CO,,2025-05-26,inscription,FIC4,LCL
080588FOUQU,2025-04-15,,surveillance,FIC1,LCL
080588FOUQU,,2025-05-18,inscription,FIC1,SOF
010790BRETO,2025-04-27,,surveillance,FIC2,LCL
010790BRETO,,2025-05-31,inscription,FIC2,CA
220889PERRO,2025-04-16,,surveillance,FIC3,LCL
220889PERRO,,2025-05-21,inscription,FIC1,SOF
160873LAMBE,2025-04-25,,surveillance,FIC4,LCL
160873LAMBE,,2025-05-29,inscription,FIC2,LCL
160998DUFOU,2025-04-28,,surveillance,FIC1,SOF
160998DUFOU,,2025-05-31,inscription,FIC1,LCL
270696MICHA,2025-04-21,,surveillance,FIC2,SOF
180376DUVAL,2025-04-23,,surveillance,FIC4,SOF
100375LE GA,2025-04-28,,surveillance,FIC4,SOF
100375LE GA,,2025-06-03,inscription,FIC4,SOF
051081CHARL,2025-04-30,,surveillance,FIC2,SOF
281066THIBA,2025-04-21,,surveillance,FIC2,LCL
220677LEROY,2025-04-21,,surveillance,FIC4,LCL
220677LEROY,,2025-05-25,inscription,FIC4,SOF
170100CHART,2025-04-27,,surveillance,FIC1,CA
170100CHART,,2025-05-29,inscription,FIC1,LCL
190304BOYER,2025-04-29,,surveillance,FIC3,LCL
190304BOYER,,2025-06-04,inscription,FIC4,CA
270102BOUVI,2025-04-24,,surveillance,FIC2,SOF
251281FERNA,2025-04-22,,surveillance,FIC1,CA
251281FERNA,,2025-05-28,inscription,FIC2,SOF
050787RODRI,2025-04-18,,surveillance,FIC3,SOF
050787RODRI,,2025-05-22,inscription,FIC2,CA
171284BLOND,2025-04-25,,surveillance,FIC1,LCL
171284BLOND,,2025-05-27,inscription,FIC3,CA
180897SCHMI,2025-04-30,,surveillance,FIC1,CA
180897SCHMI,,2025-06-06,inscription,FIC4,LCL
170181LACOM,2025-04-18,,surveillance,FIC4,LCL
271065LELEU,2025-04-21,,surveillance,FIC4,CA
271065LELEU,,2025-05-25,inscription,FIC2,SOF
080581VALET,2025-04-30,,surveillance,FIC1,LCL
080581VALET,,2025-06-03,inscription,FIC4,CA
140701LEMON,2025-04-23,,surveillance,FIC2,CA
140582DIALL,2025-04-27,,surveillance,FIC4,CA
140582DIALL,,2025-05-30,inscription,FIC4,LCL
190972MAHE,2025-04-22,,surveillance,FIC3,SOF
190972MAHE,,2025-05-24,inscription,FIC3,CA
100177RAMOS,2025-04-28,,surveillance,FIC2,SOF
100177RAMOS,,2025-06-01,inscription,FIC4,CA
250591LAGAR,2025-04-25,,surveillance,FIC2,CA
241189LEMOI,2025-04-17,,surveillance,FIC2,LCL
241189LEMOI,,2025-05-23,inscription,FIC1,LCL
171266CHARL,2025-04-25,,surveillance,FIC3,SOF
171266CHARL,,2025-05-26,inscription,FIC3,LCL
211202THIBA,2025-04-19,,surveillance,FIC3,CA
211202THIBA,,2025-05-22,inscription,FIC1,CA
280877ROCHE,2025-04-19,,surveillance,FIC4,LCL
140506VINCE,2025-04-30,,surveillance,FIC2,LCL
150969CORDI,2025-04-20,,surveillance,FIC1,LCL
261170MASSO,2025-04-21,,surveillance,FIC2,SOF
190485LEMAI,2025-04-29,,surveillance,FIC3,SOF
300591TURPI,2025-04-30,,surveillance,FIC3,CA
300591TURPI,,2025-06-03,inscription,FIC4,CA
210783CARON,2025-04-25,,surveillance,FIC4,CA
120702GODAR,2025-04-20,,surveillance,FIC2,LCL
200565WEISS,2025-04-23,,surveillance,FIC1,LCL
200565WEISS,,2025-05-29,inscription,FIC3,SOF
071194DELOR,2025-04-20,,surveillance,FIC1,LCL
071194DELOR,,2025-05-27,inscription,FIC4,CA
020167NAVAR,2025-04-27,,surveillance,FIC2,SOF
020167NAVAR,,2025-05-28,inscription,FIC1,LCL
160981SAMSO,2025-04-16,,surveillance,FIC4,SOF
160981SAMSO,,2025-05-21,inscription,FIC3,SOF
040103CHART,2025-04-17,,surveillance,FIC1,CA
040103CHART,,2025-05-24,inscription,FIC4,SOF
080573FOUCH,2025-04-18,,surveillance,FIC2,SOF
180799MEYER,2025-04-28,,surveillance,FIC1,LCL
090273BOULA,2025-04-25,,surveillance,FIC3,SOF
240893MARIO,2025-04-20,,surveillance,FIC4,LCL
240893MARIO,,2025-05-23,inscription,FIC2,CA
070405MATHI,2025-04-19,,surveillance,FIC3,LCL
070405MATHI,,2025-05-26,inscription,FIC1,LCL
021074LEMAÎ,2025-04-27,,surveillance,FIC3,CA
140786PAUL,2025-04-19,,surveillance,FIC2,SOF
220182BOULA,2025-04-29,,surveillance,FIC1,SOF
071066LEGRO,2025-04-18,,surveillance,FIC3,CA
030992BLANC,2025-04-25,,surveillance,FIC4,LCL
181298DEVAU,2025-04-19,,surveillance,FIC1,SOF
181298DEVAU,,2025-05-25,inscription,FIC2,CA
081169GARCI,2025-04-29,,surveillance,FIC3,CA
220495GUILL,2025-04-24,,surveillance,FIC2,LCL
140374DURAN,2025-04-17,,surveillance,FIC2,SOF
140374DURAN,,2025-05-21,inscription,FIC4,CA
230777THOMA,2025-04-15,,surveillance,FIC2,LCL
230777THOMA,,2025-05-19,inscription,FIC3,LCL
191205HARDY,2025-04-19,,surveillance,FIC4,SOF
141173LEGRA,2025-04-25,,surveillance,FIC2,SOF
090885BENAR,2025-04-15,,surveillance,FIC3,SOF
090885BENAR,,2025-05-21,inscription,FIC1,SOF
030867DELAT,2025-04-29,,surveillance,FIC2,LCL
030867DELAT,,2025-06-01,inscription,FIC3,LCL
150390DEVAU,2025-04-28,,surveillance,FIC4,CA
020893WEISS,2025-04-20,,surveillance,FIC4,LCL
120180MOREA,2025-04-26,,surveillance,FIC3,CA
010682BARBE,2025-04-15,,surveillance,FIC1,SOF
010682BARBE,,2025-05-18,inscription,FIC1,SOF
080877FOURN,2025-04-28,,surveillance,FIC2,CA
080877FOURN,,2025-06-01,inscription,FIC4,CA
040182THIBA,2025-04-27,,surveillance,FIC1,LCL
040182THIBA,,2025-05-30,inscription,FIC1,LCL
141288RENAU,2025-04-26,,surveillance,FIC1,LCL
281279PAYET,2025-04-28,,surveillance,FIC4,SOF
210182BRETO,2025-04-30,,surveillance,FIC4,CA
210182BRETO,,2025-06-01,inscription,FIC4,SOF
280267LEJEU,2025-04-21,,surveillance,FIC4,SOF
280267LEJEU,,2025-05-28,inscription,FIC3,LCL
280582ROGER,2025-04-21,,surveillance,FIC2,CA
280889FERNA,2025-04-26,,surveillance,FIC3,LCL
280889FERNA,,2025-05-29,inscription,FIC1,SOF
290605LÉGER,2025-04-15,,surveillance,FIC2,CA
290605LÉGER,,2025-05-19,inscription,FIC4,LCL
220288HENRY,2025-04-26,,surveillance,FIC2,SOF
090671COUTU,2025-04-21,,surveillance,FIC2,LCL
131066BARON,2025-04-25,,surveillance,FIC4,LCL
131066BARON,,2025-05-30,inscription,FIC3,CA
100469NEVEU,2025-04-22,,surveillance,FIC4,CA
161291LAPOR,2025-04-30,,surveillance,FIC3,LCL
251196BUISS,2025-04-23,,surveillance,FIC2,SOF
290875DIDIE,2025-04-19,,surveillance,FIC3,CA
290875DIDIE,,2025-05-22,inscription,FIC2,LCL
191204DUPRÉ,2025-04-25,,surveillance,FIC1,LCL
191204DUPRÉ,,2025-06-01,inscription,FIC1,SOF
011066ALLAI,2025-04-29,,surveillance,FIC2,LCL
011066ALLAI,,2025-05-30,inscription,FIC1,CA
210700LEMAÎ,2025-04-20,,surveillance,FIC4,SOF
210207ROUSS,2025-04-27,,surveillance,FIC4,CA
210207ROUSS,,2025-05-31,inscription,FIC1,LCL
141187GOMES,2025-04-30,,surveillance,FIC2,LCL
010689PELTI,2025-04-24,,surveillance,FIC2,CA
010689PELTI,,2025-05-30,inscription,FIC3,LCL
210702GUILB,2025-04-21,,surveillance,FIC1,LCL
030689PAGES,2025-04-16,,surveillance,FIC2,CA
040771LETEL,2025-04-27,,surveillance,FIC3,SOF
270572OLIVI,2025-04-20,,surveillance,FIC1,LCL
231267VALLE,2025-04-26,,surveillance,FIC2,SOF
141298LENOI,2025-04-22,,surveillance,FIC3,LCL
141298LENOI,,2025-05-25,inscription,FIC3,LCL
120974GRÉGO,2025-04-26,,surveillance,FIC4,SOF
140695GUILL,2025-04-18,,surveillance,FIC3,CA
190774AUBER,2025-04-19,,surveillance,FIC2,SOF
190774AUBER,,2025-05-20,inscription,FIC1,LCL
030678MOREA,2025-04-15,,surveillance,FIC1,SOF
030678MOREA,,2025-05-16,inscription,FIC4,CA
180980DUPRÉ,2025-04-19,,surveillance,FIC3,LCL
051204PARIS,2025-04-22,,surveillance,FIC3,LCL
051204PARIS,,2025-05-28,inscription,FIC1,SOF
201296BESNA,2025-04-16,,surveillance,FIC4,CA
151272LAGAR,2025-04-30,,surveillance,FIC4,CA
230987RIBEI,2025-04-26,,surveillance,FIC2,CA
230987RIBEI,,2025-06-01,inscription,FIC2,SOF
050897DUMAS,2025-04-16,,surveillance,FIC2,SOF
190493BRUNE,2025-04-22,,surveillance,FIC1,CA
070507LECOM,2025-04-23,,surveillance,FIC2,SOF
100701MARIO,2025-04-30,,surveillance,FIC2,CA
100701MARIO,,2025-06-04,inscription,FIC3,LCL
010973MAURY,2025-04-26,,surveillance,FIC4,CA
010973MAURY,,2025-05-30,inscription,FIC2,SOF
311075MAURY,2025-04-23,,surveillance,FIC4,LCL
311075MAURY,,2025-05-30,inscription,FIC2,LCL
300770BUISS,2025-04-18,,surveillance,FIC2,LCL
250186DOS S,2025-04-26,,surveillance,FIC2,CA
280999NGUYE,2025-04-18,,surveillance,FIC3,CA
261167MENAR,2025-04-18,,surveillance,FIC1,CA
260895CLÉME,2025-04-18,,surveillance,FIC3,SOF
180983CHEVA,2025-04-22,,surveillance,FIC1,LCL
060286JACQU,2025-04-29,,surveillance,FIC1,CA
060286JACQU,,2025-06-03,inscription,FIC3,LCL
150796WEISS,2025-04-27,,surveillance,FIC4,SOF
150796WEISS,,2025-06-02,inscription,FIC1,CA
231266PRUVO,2025-04-17,,surveillance,FIC1,SOF
070991MOREN,2025-04-26,,surveillance,FIC4,LCL
170988HOARA,2025-04-24,,surveillance,FIC4,SOF
110891DIJOU,2025-04-16,,surveillance,FIC1,SOF
270394DUPUI,2025-04-23,,surveillance,FIC4,LCL
270394DUPUI,,2025-05-25,inscription,FIC3,CA
161282CHRÉT,2025-04-16,,surveillance,FIC1,CA
161282CHRÉT,,2025-05-22,inscription,FIC3,SOF
271091LEROU,2025-04-27,,surveillance,FIC2,CA
270271LEMOI,2025-04-19,,surveillance,FIC3,SOF
050386GARNI,2025-04-26,,surveillance,FIC1,LCL
050386GARNI,,2025-05-28,inscription,FIC1,CA
080204FLEUR,2025-04-23,,surveillance,FIC2,CA
160197NGUYE,2025-04-23,,surveillance,FIC2,LCL
160197NGUYE,,2025-05-30,inscription,FIC1,LCL
150579VINCE,2025-04-15,,surveillance,FIC4,CA
160676CLÉME,2025-04-29,,surveillance,FIC2,CA
250197MARTI,2025-04-15,,surveillance,FIC2,LCL
250197MARTI,,2025-05-19,inscription,FIC4,SOF
130101MULLE,2025-04-21,,surveillance,FIC2,CA
210902MILLE,2025-04-18,,surveillance,FIC3,CA
040897ROUSS,2025-04-29,,surveillance,FIC4,CA
040897ROUSS,,2025-06-03,inscription,FIC2,CA
021066SCHNE,2025-04-25,,surveillance,FIC3,LCL
020879CAMUS,2025-04-16,,surveillance,FIC4,CA
020879CAMUS,,2025-05-19,inscription,FIC3,LCL
130685GARNI,2025-04-29,,surveillance,FIC3,SOF
260466RICHA,2025-04-28,,surveillance,FIC2,CA
231100CHEVA,2025-04-21,,surveillance,FIC3,CA
040774HENRY,2025-04-16,,surveillance,FIC1,SOF
160802BLANC,2025-04-21,,surveillance,FIC4,LCL
260276BLOND,2025-04-24,,surveillance,FIC3,SOF
051099LÉGER,2025-04-18,,surveillance,FIC1,CA
230393WEBER,2025-04-16,,surveillance,FIC4,LCL
230393WEBER,,2025-05-19,inscription,FIC2,CA
310888JOURD,2025-04-23,,surveillance,FIC4,LCL
220279PICHO,2025-04-20,,surveillance,FIC1,LCL
130780OLLIV,2025-04-16,,surveillance,FIC4,CA
130780OLLIV,,2025-05-22,inscription,FIC4,SOF
120983MAILL,2025-04-19,,surveillance,FIC2,SOF
300578FAURE,2025-04-20,,surveillance,FIC1,LCL
160968VALEN,2025-04-15,,surveillance,FIC4,LCL
180569PERRI,2025-04-15,,surveillance,FIC1,SOF
060181RENAR,2025-04-27,,surveillance,FIC3,SOF
060181RENAR,,2025-05-29,inscription,FIC2,CA
291174TANGU,2025-04-21,,surveillance,FIC3,SOF
291174TANGU,,2025-05-26,inscription,FIC3,CA
010786SANCH,2025-04-16,,surveillance,FIC3,CA
010786SANCH,,2025-05-17,inscription,FIC1,CA
290570THIER,2025-04-23,,surveillance,FIC4,SOF
021003CHARL,2025-04-16,,surveillance,FIC3,CA
021003CHARL,,2025-05-17,inscription,FIC2,SOF
170279REY,2025-04-19,,surveillance,FIC1,CA
240493BOULA,2025-04-15,,surveillance,FIC1,LCL
240493BOULA,,2025-05-22,inscription,FIC3,SOF
020484NICOL,2025-04-18,,surveillance,FIC3,SOF
101200TEXIE,2025-04-22,,surveillance,FIC3,LCL
020466OLIVI,2025-04-29,,surveillance,FIC1,SOF
280587DEVAU,2025-04-25,,surveillance,FIC4,SOF
050979MULLE,2025-04-25,,surveillance,FIC4,SOF
050979MULLE,,2025-06-01,inscription,FIC3,CA
140479BOURD,2025-04-22,,surveillance,FIC2,LCL
140479BOURD,,2025-05-25,inscription,FIC2,CA
291272PASCA,2025-04-16,,surveillance,FIC4,CA
150992LEBON,2025-04-19,,surveillance,FIC2,SOF
150992LEBON,,2025-05-25,inscription,FIC3,LCL
111286CARPE,2025-04-22,,surveillance,FIC4,CA
111286CARPE,,2025-05-26,inscription,FIC4,LCL
270206GEORG,2025-04-26,,surveillance,FIC1,CA
270206GEORG,,2025-05-27,inscription,FIC3,LCL
040975VIDAL,2025-04-24,,surveillance,FIC3,SOF
220792NOËL,2025-04-28,,surveillance,FIC2,SOF
220792NOËL,,2025-06-04,inscription,FIC3,SOF
130497LÉVÊQ,2025-04-30,,surveillance,FIC1,LCL
130497LÉVÊQ,,2025-06-02,inscription,FIC1,SOF
161089DENIS,2025-04-24,,surveillance,FIC2,CA
250780BLANC,2025-04-21,,surveillance,FIC2,CA
250780BLANC,,2025-05-23,inscription,FIC2,CA
240967THIBA,2025-04-30,,surveillance,FIC2,CA
240967THIBA,,2025-06-04,inscription,FIC3,CA
021293PARIS,2025-04-23,,surveillance,FIC3,CA
021293PARIS,,2025-05-28,inscription,FIC2,SOF
090279GONCA,2025-04-19,,surveillance,FIC1,LCL
090279GONCA,,2025-05-24,inscription,FIC3,SOF
100173POIRI,2025-04-27,,surveillance,FIC2,LCL
251106MULLE,2025-04-23,,surveillance,FIC4,CA
230869FLEUR,2025-04-25,,surveillance,FIC2,LCL
230869FLEUR,,2025-05-31,inscription,FIC4,CA
221278ROBER,2025-04-21,,surveillance,FIC1,CA
040665DUPON,2025-04-15,,surveillance,FIC2,SOF
240976LAPOR,2025-04-25,,surveillance,FIC4,SOF
010278RAYMO,2025-04-28,,surveillance,FIC4,SOF
010278RAYMO,,2025-05-30,inscription,FIC1,SOF
021188PERON,2025-04-28,,surveillance,FIC4,SOF
240167JOLY,2025-04-30,,surveillance,FIC1,LCL
240167JOLY,,2025-06-04,inscription,FIC4,CA
040902DE SO,2025-04-29,,surveillance,FIC1,CA
181168LEGRO,2025-04-30,,surveillance,FIC2,CA
181168LEGRO,,2025-06-06,inscription,FIC3,SOF
190187CHAUV,2025-04-27,,surveillance,FIC3,LCL
291294REY,2025-04-26,,surveillance,FIC2,LCL
291294REY,,2025-05-28,inscription,FIC3,SOF
210778HUET,2025-04-27,,surveillance,FIC2,SOF
210778HUET,,2025-05-31,inscription,FIC1,CA
180583FERRE,2025-04-29,,surveillance,FIC1,CA
070190HAMON,2025-04-18,,surveillance,FIC2,CA
070190HAMON,,2025-05-24,inscription,FIC4,LCL
090486MILLE,2025-04-18,,surveillance,FIC2,SOF
090486MILLE,,2025-05-19,inscription,FIC4,CA
210365GARNI,2025-04-21,,surveillance,FIC2,SOF
210365GARNI,,2025-05-24,inscription,FIC3,SOF
231266TEXIE,2025-04-25,,surveillance,FIC4,SOF
231266TEXIE,,2025-05-31,inscription,FIC1,CA
261194PONS,2025-04-24,,surveillance,FIC3,CA
261194PONS,,2025-05-30,inscription,FIC3,LCL
191192FABRE,2025-04-28,,surveillance,FIC3,CA
191192FABRE,,2025-05-30,inscription,FIC3,SOF
040384TESSI,2025-04-27,,surveillance,FIC2,LCL
040384TESSI,,2025-05-31,inscription,FIC2,LCL
110701GUÉRI,2025-04-27,,surveillance,FIC2,LCL
011195MALLE,2025-04-29,,surveillance,FIC3,CA
191181RUIZ,2025-04-17,,surveillance,FIC1,LCL
070287BARBE,2025-04-25,,surveillance,FIC1,CA
010176LE GO,2025-04-23,,surveillance,FIC3,SOF
260795WEISS,2025-04-18,,surveillance,FIC2,LCL
260795WEISS,,2025-05-23,inscription,FIC2,LCL
080373COLAS,2025-04-16,,surveillance,FIC3,LCL
080373COLAS,,2025-05-17,inscription,FIC2,SOF
240576CHAUV,2025-04-20,,surveillance,FIC4,CA
200484BENAR,2025-04-18,,surveillance,FIC2,LCL
040872RICHA,2025-04-16,,surveillance,FIC4,LCL
040872RICHA,,2025-05-20,inscription,FIC2,LCL
090178JACQU,2025-04-23,,surveillance,FIC2,LCL
101106LEMAI,2025-04-20,,surveillance,FIC3,SOF
010603LÉVÊQ,2025-04-17,,surveillance,FIC2,SOF
090768DIALL,2025-04-24,,surveillance,FIC4,LCL
090768DIALL,,2025-05-28,inscription,FIC1,SOF
140367SAUVA,2025-04-18,,surveillance,FIC3,LCL
140367SAUVA,,2025-05-25,inscription,FIC3,LCL
150183SANCH,2025-04-29,,surveillance,FIC2,SOF
020505JACQU,2025-04-17,,surveillance,FIC3,CA
020505JACQU,,2025-05-20,inscription,FIC2,CA
281281COSTE,2025-04-20,,surveillance,FIC4,CA
281281COSTE,,2025-05-27,inscription,FIC4,SOF
260991BARTH,2025-04-19,,surveillance,FIC4,SOF
260991BARTH,,2025-05-21,inscription,FIC1,CA
040198PEREI,2025-04-19,,surveillance,FIC2,SOF
040198PEREI,,2025-05-22,inscription,FIC2,SOF
190568TECHE,2025-04-15,,surveillance,FIC1,SOF
150590RODRI,2025-04-27,,surveillance,FIC1,CA
150590RODRI,,2025-05-28,inscription,FIC1,LCL
100692MARQU,2025-04-16,,surveillance,FIC4,SOF
100692MARQU,,2025-05-20,inscription,FIC4,SOF
231094BESNA,2025-04-26,,surveillance,FIC4,LCL
231094BESNA,,2025-06-01,inscription,FIC4,CA
240106PONS,2025-04-18,,surveillance,FIC1,CA
240106PONS,,2025-05-20,inscription,FIC4,LCL
090486BRUNE,2025-04-26,,surveillance,FIC1,CA
150788JOURD,2025-04-15,,surveillance,FIC1,CA
150788JOURD,,2025-05-22,inscription,FIC1,LCL
260603HARDY,2025-04-20,,surveillance,FIC2,SOF
260603HARDY,,2025-05-21,inscription,FIC3,LCL
130582MILLE,2025-04-16,,surveillance,FIC4,SOF
100197PEREI,2025-04-26,,surveillance,FIC4,CA
100197PEREI,,2025-05-29,inscription,FIC4,CA
301282GARCI,2025-04-29,,surveillance,FIC1,CA
211089CHRÉT,2025-04-26,,surveillance,FIC1,LCL
110879GARNI,2025-04-26,,surveillance,FIC4,CA
260481LE GA,2025-04-21,,surveillance,FIC1,SOF
260481LE GA,,2025-05-23,inscription,FIC3,SOF
240477DIJOU,2025-04-18,,surveillance,FIC3,SOF
240477DIJOU,,2025-05-25,inscription,FIC1,SOF
010977COSTA,2025-04-25,,surveillance,FIC1,SOF
010977COSTA,,2025-05-28,inscription,FIC2,CA
230496GUILL,2025-04-26,,surveillance,FIC4,SOF
230496GUILL,,2025-05-31,inscription,FIC4,SOF
041298REYNA,2025-04-20,,surveillance,FIC1,LCL
290599TRAOR,2025-04-29,,surveillance,FIC2,LCL
290599TRAOR,,2025-06-03,inscription,FIC3,SOF
150797LEBLA,2025-04-28,,surveillance,FIC1,SOF
150797LEBLA,,2025-06-02,inscription,FIC3,SOF
240771LEMON,2025-04-28,,surveillance,FIC3,SOF
240771LEMON,,2025-06-02,inscription,FIC2,SOF
110867GODAR,2025-04-29,,surveillance,FIC3,LCL
010607MORVA,2025-04-23,,surveillance,FIC2,LCL
090864LENOI,2025-04-17,,surveillance,FIC3,SOF
080884THIBA,2025-04-29,,surveillance,FIC3,CA
080884THIBA,,2025-06-01,inscription,FIC1,SOF
220302BAILL,2025-04-26,,surveillance,FIC3,CA
220302BAILL,,2025-05-29,inscription,FIC4,LCL
140302LEBON,2025-04-25,,surveillance,FIC2,CA
060286DOS S,2025-04-18,,surveillance,FIC1,SOF
161204PARIS,2025-04-29,,surveillance,FIC1,LCL
161204PARIS,,2025-05-30,inscription,FIC3,SOF
250469RÉMY,2025-04-20,,surveillance,FIC3,LCL
250469RÉMY,,2025-05-21,inscription,FIC3,SOF
020570JULIE,2025-04-28,,surveillance,FIC4,LCL
150403HARDY,2025-04-25,,surveillance,FIC4,LCL
150403HARDY,,2025-05-31,inscription,FIC2,SOF
120289BLANC,2025-04-17,,surveillance,FIC4,LCL
260976CAMUS,2025-04-27,,surveillance,FIC3,CA
160477DUPRÉ,2025-04-22,,surveillance,FIC4,LCL
160477DUPRÉ,,2025-05-24,inscription,FIC4,SOF
040895WEISS,2025-04-26,,surveillance,FIC2,CA
301182GAY,2025-04-25,,surveillance,FIC2,CA
080498DELAT,2025-04-20,,surveillance,FIC2,LCL
191079BLANC,2025-04-17,,surveillance,FIC1,LCL
191079BLANC,,2025-05-21,inscription,FIC1,SOF
020173BERTI,2025-04-30,,surveillance,FIC2,CA
020173BERTI,,2025-06-02,inscription,FIC1,SOF
120390GARNI,2025-04-15,,surveillance,FIC4,CA
271289GAUTH,2025-04-17,,surveillance,FIC4,CA
230370PINEA,2025-04-17,,surveillance,FIC4,CA
180384LECOM,2025-04-26,,surveillance,FIC4,LCL
180384LECOM,,2025-06-02,inscription,FIC3,CA
080767MALLE,2025-04-22,,surveillance,FIC1,LCL
030693RICHA,2025-04-17,,surveillance,FIC1,LCL
300573LECOM,2025-04-23,,surveillance,FIC1,LCL
300573LECOM,,2025-05-26,inscription,FIC2,SOF
030593FLEUR,2025-04-26,,surveillance,FIC2,SOF
260894RODRI,2025-04-19,,surveillance,FIC4,CA
260894RODRI,,2025-05-20,inscription,FIC1,SOF
151269LE GA,2025-04-17,,surveillance,FIC1,LCL
151269LE GA,,2025-05-24,inscription,FIC2,LCL
080890GEORG,2025-04-16,,surveillance,FIC1,CA
080890GEORG,,2025-05-18,inscription,FIC1,CA
050570PEREZ,2025-04-26,,surveillance,FIC3,LCL
050570PEREZ,,2025-05-28,inscription,FIC4,SOF
050792MILLE,2025-04-18,,surveillance,FIC4,CA
050792MILLE,,2025-05-23,inscription,FIC2,LCL
080298RENAR,2025-04-30,,surveillance,FIC2,SOF
080298RENAR,,2025-05-31,inscription,FIC3,SOF
220507LUCAS,2025-04-28,,surveillance,FIC4,LCL
220507LUCAS,,2025-06-02,inscription,FIC4,LCL
191077BLANC,2025-04-21,,surveillance,FIC2,SOF
191077BLANC,,2025-05-23,inscription,FIC4,LCL
211189GUYOT,2025-04-18,,surveillance,FIC1,CA
250898CLÉME,2025-04-21,,surveillance,FIC4,LCL
280695GILLE,2025-04-26,,surveillance,FIC3,CA
280695GILLE,,2025-05-28,inscription,FIC1,SOF
241203LAUNA,2025-04-21,,surveillance,FIC2,CA
241203LAUNA,,2025-05-22,inscription,FIC3,CA
050996GÉRAR,2025-04-29,,surveillance,FIC3,LCL
131267GILBE,2025-04-15,,surveillance,FIC2,SOF
141291NEVEU,2025-04-27,,surveillance,FIC3,SOF
121180JOLY,2025-04-17,,surveillance,FIC1,CA
060678DANIE,2025-04-27,,surveillance,FIC3,CA
220304CHARL,2025-04-21,,surveillance,FIC3,SOF
220304CHARL,,2025-05-25,inscription,FIC4,LCL
171288SIMON,2025-04-19,,surveillance,FIC1,SOF
171288SIMON,,2025-05-20,inscription,FIC4,SOF
051186LEFEB,2025-04-22,,surveillance,FIC4,CA
051186LEFEB,,2025-05-28,inscription,FIC4,LCL
261192LAPOR,2025-04-29,,surveillance,FIC2,LCL
300986GIRAU,2025-04-21,,surveillance,FIC4,LCL
300986GIRAU,,2025-05-27,inscription,FIC4,SOF
130369JOUBE,2025-04-19,,surveillance,FIC4,LCL
130369JOUBE,,2025-05-24,inscription,FIC1,CA
291174DELAT,2025-04-29,,surveillance,FIC3,SOF
291174DELAT,,2025-05-31,inscription,FIC1,LCL
071273THIER,2025-04-17,,surveillance,FIC4,SOF
071273THIER,,2025-05-23,inscription,FIC4,CA
150595ANDRE,2025-04-27,,surveillance,FIC4,SOF
140583BAILL,2025-04-27,,surveillance,FIC3,CA
140583BAILL,,2025-06-01,inscription,FIC1,LCL
080388WEISS,2025-04-22,,surveillance,FIC3,LCL
080388WEISS,,2025-05-29,inscription,FIC1,SOF
080679MUNOZ,2025-04-18,,surveillance,FIC3,LCL
080679MUNOZ,,2025-05-21,inscription,FIC3,CA
120268GUYON,2025-04-30,,surveillance,FIC3,LCL
120268GUYON,,2025-06-06,inscription,FIC3,LCL
070104TEIXE,2025-04-16,,surveillance,FIC4,LCL
310170BERNA,2025-04-23,,surveillance,FIC3,LCL
310170BERNA,,2025-05-27,inscription,FIC4,SOF
111286BÈGUE,2025-04-29,,surveillance,FIC2,CA
190497COLAS,2025-04-16,,surveillance,FIC3,LCL
090303BERTH,2025-04-17,,surveillance,FIC4,LCL
090303BERTH,,2025-05-18,inscription,FIC4,LCL
261172GUILL,2025-04-27,,surveillance,FIC4,SOF
261172GUILL,,2025-06-02,inscription,FIC2,CA
010180NOËL,2025-04-27,,surveillance,FIC2,LCL
010180NOËL,,2025-05-31,inscription,FIC2,CA
210206ROUX,2025-04-24,,surveillance,FIC4,SOF
210206ROUX,,2025-05-26,inscription,FIC2,CA
051293LEBLA,2025-04-22,,surveillance,FIC1,CA
051293LEBLA,,2025-05-25,inscription,FIC3,LCL
070181ANTOI,2025-04-30,,surveillance,FIC1,SOF
070181ANTOI,,2025-06-01,inscription,FIC1,SOF
240883THOMA,2025-04-24,,surveillance,FIC4,SOF
050864BENAR,2025-04-25,,surveillance,FIC4,SOF
050864BENAR,,2025-05-30,inscription,FIC4,CA
101286FAURE,2025-04-25,,surveillance,FIC1,SOF
101286FAURE,,2025-05-31,inscription,FIC1,LCL
041275LEDOU,2025-04-17,,surveillance,FIC2,SOF
041275LEDOU,,2025-05-22,inscription,FIC2,CA
280975MOREL,2025-04-28,,surveillance,FIC1,CA
230482PAYET,2025-04-28,,surveillance,FIC2,CA
230482PAYET,,2025-06-04,inscription,FIC4,CA
261272RIBEI,2025-04-27,,surveillance,FIC1,SOF
261272RIBEI,,2025-05-28,inscription,FIC2,SOF
111070MASSO,2025-04-26,,surveillance,FIC3,LCL
111070MASSO,,2025-05-27,inscription,FIC3,LCL
200288LELIÈ,2025-04-20,,surveillance,FIC3,LCL
200288LELIÈ,,2025-05-24,inscription,FIC4,LCL
300184VINCE,2025-04-26,,surveillance,FIC3,LCL
290187LEBON,2025-04-16,,surveillance,FIC2,SOF
021271SCHNE,2025-04-20,,surveillance,FIC4,SOF
021271SCHNE,,2025-05-27,inscription,FIC1,LCL
041172BOUCH,2025-04-22,,surveillance,FIC3,CA
041172BOUCH,,2025-05-24,inscription,FIC3,CA
301096DIAZ,2025-04-17,,surveillance,FIC1,CA
101203JULIE,2025-04-17,,surveillance,FIC3,LCL
260565DEVAU,2025-04-22,,surveillance,FIC4,SOF
260793CHAUV,2025-04-22,,surveillance,FIC2,CA
260793CHAUV,,2025-05-28,inscription,FIC4,LCL
170476DIAS,2025-04-20,,surveillance,FIC3,CA
170476DIAS,,2025-05-25,inscription,FIC1,SOF
070176BUISS,2025-04-26,,surveillance,FIC4,LCL
070176BUISS,,2025-05-28,inscription,FIC3,SOF
130501GODAR,2025-04-24,,surveillance,FIC2,LCL
040300HERVÉ,2025-04-15,,surveillance,FIC2,CA
150795MEUNI,2025-04-30,,surveillance,FIC4,LCL
150795MEUNI,,2025-06-02,inscription,FIC1,SOF
311066CHRÉT,2025-04-30,,surveillance,FIC3,CA
030603GÉRAR,2025-04-15,,surveillance,FIC4,LCL
100585LOISE,2025-04-15,,surveillance,FIC1,CA
100585LOISE,,2025-05-18,inscription,FIC3,SOF
030705BECKE,2025-04-27,,surveillance,FIC3,LCL
030705BECKE,,2025-05-29,inscription,FIC2,LCL
200793BAUDR,2025-04-20,,surveillance,FIC1,SOF
241292LAUNA,2025-04-23,,surveillance,FIC2,SOF
080972REY,2025-04-27,,surveillance,FIC4,CA
230976GALLE,2025-04-28,,surveillance,FIC3,SOF
230976GALLE,,2025-05-31,inscription,FIC2,SOF
080877PONS,2025-04-26,,surveillance,FIC3,CA
080877PONS,,2025-05-31,inscription,FIC4,CA
141190POTTI,2025-04-23,,surveillance,FIC1,LCL
130181MEUNI,2025-04-26,,surveillance,FIC3,LCL
130181MEUNI,,2025-05-28,inscription,FIC2,CA
080674BARBE,2025-04-19,,surveillance,FIC2,SOF
280894LE RO,2025-04-21,,surveillance,FIC3,CA
080606PIRES,2025-04-25,,surveillance,FIC3,LCL
280288PASCA,2025-04-24,,surveillance,FIC4,SOF
151297LOUIS,2025-04-21,,surveillance,FIC1,SOF
150470BRETO,2025-04-19,,surveillance,FIC4,CA
150470BRETO,,2025-05-25,inscription,FIC1,SOF
250671VOISI,2025-04-28,,surveillance,FIC1,LCL
250671VOISI,,2025-06-02,inscription,FIC4,CA
041086CHAUV,2025-04-18,,surveillance,FIC3,SOF
010205HAMEL,2025-04-28,,surveillance,FIC4,SOF
040790VIDAL,2025-04-23,,surveillance,FIC4,CA
040790VIDAL,,2025-05-27,inscription,FIC1,CA
150483LOPEZ,2025-04-16,,surveillance,FIC2,SOF
220398MILLE,2025-04-28,,surveillance,FIC3,CA
220398MILLE,,2025-06-01,inscription,FIC1,CA
040698GUÉRI,2025-04-30,,surveillance,FIC2,LCL
040698GUÉRI,,2025-06-06,inscription,FIC3,SOF
190384LECOM,2025-04-28,,surveillance,FIC1,CA
240182GUILB,2025-04-22,,surveillance,FIC1,SOF
210184MILLE,2025-04-22,,surveillance,FIC1,CA
221297BOUCH,2025-04-24,,surveillance,FIC2,LCL
221297BOUCH,,2025-05-25,inscription,FIC1,CA
080285BECKE,2025-04-24,,surveillance,FIC1,SOF
240604MAHE,2025-04-27,,surveillance,FIC1,SOF
240604MAHE,,2025-06-03,inscription,FIC3,SOF
230888WAGNE,2025-04-20,,surveillance,FIC1,CA
090891PHILI,2025-04-20,,surveillance,FIC2,LCL
090891PHILI,,2025-05-23,inscription,FIC4,SOF
210679BENAR,2025-04-29,,surveillance,FIC2,CA
210280MAURY,2025-04-15,,surveillance,FIC1,LCL
210280MAURY,,2025-05-16,inscription,FIC1,CA
020467CHAUV,2025-04-29,,surveillance,FIC3,SOF
020467CHAUV,,2025-06-03,inscription,FIC2,SOF
060888PEREZ,2025-04-16,,surveillance,FIC3,LCL
060888PEREZ,,2025-05-17,inscription,FIC2,CA
220389PELLE,2025-04-18,,surveillance,FIC1,SOF
220389PELLE,,2025-05-20,inscription,FIC4,LCL
010177GRÉGO,2025-04-29,,surveillance,FIC3,LCL
280402JACOB,2025-04-17,,surveillance,FIC1,LCL
280402JACOB,,2025-05-21,inscription,FIC4,CA
100588GARCI,2025-04-30,,surveillance,FIC4,SOF
100588GARCI,,2025-06-03,inscription,FIC2,SOF
130103FLEUR,2025-04-16,,surveillance,FIC3,CA
300102DUPON,2025-04-25,,surveillance,FIC4,CA
300102DUPON,,2025-05-27,inscription,FIC2,CA
050965LECOM,2025-04-15,,surveillance,FIC4,CA
261182DUHAM,2025-04-24,,surveillance,FIC1,SOF
261182DUHAM,,2025-05-29,inscription,FIC3,LCL
090183PAYET,2025-04-26,,surveillance,FIC1,SOF
020490LELIÈ,2025-04-30,,surveillance,FIC2,LCL
130394PASCA,2025-04-26,,surveillance,FIC1,SOF
241077GUILL,2025-04-27,,surveillance,FIC2,SOF
030779DUFOU,2025-04-21,,surveillance,FIC4,LCL
030779DUFOU,,2025-05-26,inscription,FIC1,SOF
070170RUIZ,2025-04-20,,surveillance,FIC2,SOF
070170RUIZ,,2025-05-22,inscription,FIC4,LCL
030586CHARL,2025-04-21,,surveillance,FIC4,LCL
030586CHARL,,2025-05-27,inscription,FIC4,SOF
100676JACQU,2025-04-29,,surveillance,FIC1,CA
100676JACQU,,2025-06-03,inscription,FIC3,CA
280495WEBER,2025-04-28,,surveillance,FIC2,SOF
280495WEBER,,2025-05-31,inscription,FIC2,CA
060685BOULA,2025-04-24,,surveillance,FIC3,CA
060685BOULA,,2025-05-26,inscription,FIC2,SOF
210288MENAR,2025-04-26,,surveillance,FIC3,SOF
071185BONNE,2025-04-28,,surveillance,FIC1,SOF
071185BONNE,,2025-06-03,inscription,FIC3,SOF
220792BRUNE,2025-04-24,,surveillance,FIC2,CA
180374LEMAI,2025-04-16,,surveillance,FIC4,CA
180374LEMAI,,2025-05-18,inscription,FIC4,CA
090496LENOI,2025-04-30,,surveillance,FIC3,CA
090300NEVEU,2025-04-21,,surveillance,FIC3,CA
090300NEVEU,,2025-05-25,inscription,FIC1,SOF
140877THIER,2025-04-29,,surveillance,FIC4,LCL
140877THIER,,2025-06-04,inscription,FIC3,LCL
250170FERNA,2025-04-28,,surveillance,FIC3,SOF
250170FERNA,,2025-05-30,inscription,FIC4,SOF
140606GROS,2025-04-17,,surveillance,FIC1,SOF
140606GROS,,2025-05-24,inscription,FIC4,LCL
110877MEYER,2025-04-16,,surveillance,FIC3,CA
110877MEYER,,2025-05-21,inscription,FIC2,CA
130681RAMOS,2025-04-24,,surveillance,FIC2,CA
130681RAMOS,,2025-05-26,inscription,FIC1,CA
181083DELAU,2025-04-15,,surveillance,FIC3,LCL
181083DELAU,,2025-05-19,inscription,FIC3,SOF
081289PHILI,2025-04-22,,surveillance,FIC3,CA
201297BARTH,2025-04-26,,surveillance,FIC2,SOF
201297BARTH,,2025-06-02,inscription,FIC3,LCL
090680ROCHE,2025-04-29,,surveillance,FIC1,LCL
090680ROCHE,,2025-06-05,inscription,FIC2,SOF
200199BLOND,2025-04-17,,surveillance,FIC3,CA
200199BLOND,,2025-05-19,inscription,FIC1,SOF
130393NEVEU,2025-04-19,,surveillance,FIC3,CA
130393NEVEU,,2025-05-25,inscription,FIC3,LCL
030974BENOI,2025-04-20,,surveillance,FIC4,SOF
100207DA SI,2025-04-18,,surveillance,FIC2,LCL
100207DA SI,,2025-05-23,inscription,FIC4,SOF
300798LEJEU,2025-04-19,,surveillance,FIC4,SOF
110897RÉMY,2025-04-25,,surveillance,FIC1,CA
110897RÉMY,,2025-05-31,inscription,FIC2,CA
120972CLERC,2025-04-22,,surveillance,FIC2,LCL
120972CLERC,,2025-05-25,inscription,FIC4,LCL
240491RENAU,2025-04-27,,surveillance,FIC4,SOF
200271TRAOR,2025-04-29,,surveillance,FIC4,SOF
200271TRAOR,,2025-06-02,inscription,FIC2,SOF
010893MOREL,2025-04-20,,surveillance,FIC3,CA
010893MOREL,,2025-05-21,inscription,FIC3,CA
311282ROUSS,2025-04-18,,surveillance,FIC3,CA
231188FOUCH,2025-04-24,,surveillance,FIC1,LCL
121068SALMO,2025-04-29,,surveillance,FIC4,CA
121068SALMO,,2025-05-31,inscription,FIC1,CA
230774FOURN,2025-04-19,,surveillance,FIC3,SOF
130685LABBÉ,2025-04-21,,surveillance,FIC4,CA
130685LABBÉ,,2025-05-25,inscription,FIC4,LCL
050374LEDUC,2025-04-25,,surveillance,FIC2,LCL
050374LEDUC,,2025-05-27,inscription,FIC4,SOF
160604JACOB,2025-04-30,,surveillance,FIC2,CA
160604JACOB,,2025-06-02,inscription,FIC4,CA
090899JEAN,2025-04-21,,surveillance,FIC2,SOF
261006GILLE,2025-04-26,,surveillance,FIC4,LCL
261006GILLE,,2025-06-01,inscription,FIC4,CA
230693PRUVO,2025-04-24,,surveillance,FIC3,LCL
270277MILLE,2025-04-17,,surveillance,FIC4,SOF
270277MILLE,,2025-05-23,inscription,FIC3,LCL
071275GOSSE,2025-04-27,,surveillance,FIC4,LCL
071275GOSSE,,2025-06-02,inscription,FIC3,CA
080168HAMON,2025-04-30,,surveillance,FIC1,CA
080168HAMON,,2025-06-06,inscription,FIC3,CA
291194ROCHE,2025-04-17,,surveillance,FIC2,LCL
051095BERNA,2025-04-18,,surveillance,FIC2,CA
051095BERNA,,2025-05-20,inscription,FIC2,SOF
190191LAMBE,2025-04-27,,surveillance,FIC4,LCL
190191LAMBE,,2025-05-30,inscription,FIC1,LCL
280673BOULA,2025-04-23,,surveillance,FIC3,LCL
280673BOULA,,2025-05-26,inscription,FIC4,SOF
030781MAILL,2025-04-23,,surveillance,FIC4,SOF
030781MAILL,,2025-05-24,inscription,FIC3,CA
130792JOUBE,2025-04-26,,surveillance,FIC1,SOF
310704DELAH,2025-04-17,,surveillance,FIC2,SOF
310704DELAH,,2025-05-20,inscription,FIC1,SOF
040772BLOT,2025-04-21,,surveillance,FIC4,LCL
151089GIRAU,2025-04-27,,surveillance,FIC2,CA
151089GIRAU,,2025-06-01,inscription,FIC4,CA
120803CLÉME,2025-04-26,,surveillance,FIC3,LCL
120803CLÉME,,2025-05-31,inscription,FIC2,LCL
300885CHART,2025-04-19,,surveillance,FIC4,LCL
070198DE SO,2025-04-29,,surveillance,FIC1,CA
140282LEBLA,2025-04-15,,surveillance,FIC3,CA
091291DELAU,2025-04-20,,surveillance,FIC4,SOF
091291DELAU,,2025-05-25,inscription,FIC1,SOF
250505ROUSS,2025-04-18,,surveillance,FIC3,SOF
250505ROUSS,,2025-05-25,inscription,FIC1,CA
051085TRAOR,2025-04-18,,surveillance,FIC3,SOF
051085TRAOR,,2025-05-20,inscription,FIC4,LCL
050201MARTI,2025-04-15,,surveillance,FIC3,SOF
050201MARTI,,2025-05-16,inscription,FIC4,LCL
280172HUET,2025-04-27,,surveillance,FIC1,CA
060587BARRE,2025-04-27,,surveillance,FIC1,LCL
221186ARNAU,2025-04-18,,surveillance,FIC2,CA
251070TESSI,2025-04-16,,surveillance,FIC3,LCL
200603PINEA,2025-04-18,,surveillance,FIC1,CA
061186DUHAM,2025-04-27,,surveillance,FIC3,CA
240682MARCH,2025-04-29,,surveillance,FIC3,CA
260395DUPUI,2025-04-20,,surveillance,FIC4,LCL
260395DUPUI,,2025-05-21,inscription,FIC1,CA
280293BAUDR,2025-04-18,,surveillance,FIC1,SOF
050993LACOM,2025-04-30,,surveillance,FIC3,SOF
050993LACOM,,2025-06-02,inscription,FIC1,LCL
180404NORMA,2025-04-17,,surveillance,FIC1,LCL
180404NORMA,,2025-05-22,inscription,FIC4,LCL
271279MARTY,2025-04-22,,surveillance,FIC2,SOF
271279MARTY,,2025-05-29,inscription,FIC2,CA
110175GERMA,2025-04-15,,surveillance,FIC3,CA
110175GERMA,,2025-05-16,inscription,FIC2,CA
021174NGUYE,2025-04-22,,surveillance,FIC3,LCL
191206CARON,2025-04-26,,surveillance,FIC1,CA
191206CARON,,2025-05-28,inscription,FIC3,LCL
200391JACOB,2025-04-24,,surveillance,FIC4,LCL
111266CLÉME,2025-04-29,,surveillance,FIC2,LCL
111266CLÉME,,2025-06-02,inscription,FIC4,SOF
260685ROCHE,2025-04-23,,surveillance,FIC1,SOF
261199LAGAR,2025-04-30,,surveillance,FIC1,SOF
261199LAGAR,,2025-06-04,inscription,FIC3,SOF
260703LACOM,2025-04-26,,surveillance,FIC4,SOF
260581BOURG,2025-04-22,,surveillance,FIC4,SOF
260581BOURG,,2025-05-29,inscription,FIC1,CA
191079DIAZ,2025-04-27,,surveillance,FIC2,SOF
191079DIAZ,,2025-05-30,inscription,FIC4,LCL
060187DUPUY,2025-04-18,,surveillance,FIC4,LCL
070177DUHAM,2025-04-15,,surveillance,FIC2,SOF
261202CORDI,2025-04-28,,surveillance,FIC4,SOF
061202PICAR,2025-04-23,,surveillance,FIC1,LCL
061202PICAR,,2025-05-30,inscription,FIC2,SOF
150374RODRI,2025-04-27,,surveillance,FIC1,LCL
140487DE SO,2025-04-21,,surveillance,FIC1,SOF
140487DE SO,,2025-05-24,inscription,FIC2,CA
200270BLANC,2025-04-18,,surveillance,FIC4,SOF
130172RODRI,2025-04-19,,surveillance,FIC3,SOF
130172RODRI,,2025-05-20,inscription,FIC3,SOF
260371ALLAR,2025-04-23,,surveillance,FIC3,LCL
090475PICHO,2025-04-17,,surveillance,FIC1,SOF
090475PICHO,,2025-05-21,inscription,FIC4,CA
160990BERNI,2025-04-29,,surveillance,FIC2,CA
280169COSTE,2025-04-30,,surveillance,FIC4,LCL
191193FOURN,2025-04-20,,surveillance,FIC3,LCL
191193FOURN,,2025-05-23,inscription,FIC1,SOF
060376FERNA,2025-04-17,,surveillance,FIC1,CA
060376FERNA,,2025-05-20,inscription,FIC4,CA
230797MULLE,2025-04-18,,surveillance,FIC2,CA
230797MULLE,,2025-05-20,inscription,FIC4,CA
260497LEGRO,2025-04-17,,surveillance,FIC2,LCL
260497LEGRO,,2025-05-19,inscription,FIC2,SOF
250188GUYOT,2025-04-25,,surveillance,FIC3,CA
040703RAYMO,2025-04-22,,surveillance,FIC2,LCL
040703RAYMO,,2025-05-23,inscription,FIC4,CA
041195LOMBA,2025-04-26,,surveillance,FIC2,LCL
230874TORRE,2025-04-20,,surveillance,FIC3,LCL
230874TORRE,,2025-05-22,inscription,FIC1,LCL
060765COULO,2025-04-30,,surveillance,FIC1,SOF
060765COULO,,2025-05-31,inscription,FIC4,CA
260587MERLE,2025-04-18,,surveillance,FIC2,CA
010671PARIS,2025-04-17,,surveillance,FIC2,CA
201284BOULA,2025-04-23,,surveillance,FIC2,CA
030195LEFÈV,2025-04-17,,surveillance,FIC4,LCL
171202DE SO,2025-04-25,,surveillance,FIC2,SOF
171202DE SO,,2025-05-27,inscription,FIC2,CA
050181RENAU,2025-04-29,,surveillance,FIC4,CA
050181RENAU,,2025-06-01,inscription,FIC1,CA
070798SCHMI,2025-04-23,,surveillance,FIC3,CA
200578LOMBA,2025-04-16,,surveillance,FIC1,LCL
080198MERLE,2025-04-17,,surveillance,FIC1,CA
100277FERRA,2025-04-22,,surveillance,FIC1,CA
100277FERRA,,2025-05-28,inscription,FIC1,CA
020266MARÉC,2025-04-18,,surveillance,FIC4,LCL
030567LECOQ,2025-04-25,,surveillance,FIC4,SOF
291296CHEVA,2025-04-25,,surveillance,FIC1,SOF
301281RIVIÈ,2025-04-22,,surveillance,FIC4,SOF
301281RIVIÈ,,2025-05-24,inscription,FIC2,SOF
040499MARIE,2025-04-22,,surveillance,FIC3,LCL
220499POULA,2025-04-28,,surveillance,FIC3,LCL
080100BLANC,2025-04-24,,surveillance,FIC1,SOF
140768LEGRA,2025-04-21,,surveillance,FIC4,LCL
140768LEGRA,,2025-05-26,inscription,FIC2,LCL
031293POULA,2025-04-21,,surveillance,FIC2,CA
100892LEBRE,2025-04-15,,surveillance,FIC2,LCL
180495BOUCH,2025-04-18,,surveillance,FIC2,CA
180495BOUCH,,2025-05-21,inscription,FIC3,LCL
190900JOUBE,2025-04-19,,surveillance,FIC2,SOF
190900JOUBE,,2025-05-26,inscription,FIC3,LCL
230295GODAR,2025-04-22,,surveillance,FIC2,CA
230295GODAR,,2025-05-26,inscription,FIC2,SOF
151298SALMO,2025-04-17,,surveillance,FIC3,LCL
220505JACOB,2025-04-25,,surveillance,FIC4,LCL
220505JACOB,,2025-05-26,inscription,FIC2,LCL
060287SAUVA,2025-04-28,,surveillance,FIC2,CA
100888DUPON,2025-04-15,,surveillance,FIC4,SOF
300387MAILL,2025-04-24,,surveillance,FIC1,SOF
080490DIAZ,2025-04-15,,surveillance,FIC4,CA
130278LAINE,2025-04-20,,surveillance,FIC3,LCL
130278LAINE,,2025-05-23,inscription,FIC2,SOF
051082LEGRO,2025-04-23,,surveillance,FIC4,CA
031197BRUNE,2025-04-21,,surveillance,FIC4,LCL
031197BRUNE,,2025-05-27,inscription,FIC2,SOF
100694MONNI,2025-04-15,,surveillance,FIC3,SOF
100694MONNI,,2025-05-20,inscription,FIC4,SOF
300403MICHA,2025-04-25,,surveillance,FIC4,LCL
300403MICHA,,2025-05-31,inscription,FIC1,CA
180198ALVES,2025-04-19,,surveillance,FIC3,LCL
071297PINTO,2025-04-21,,surveillance,FIC4,SOF
030902BONNE,2025-04-29,,surveillance,FIC2,CA
030902BONNE,,2025-06-03,inscription,FIC2,CA
020281FERRA,2025-04-26,,surveillance,FIC4,SOF
111100GUYOT,2025-04-30,,surveillance,FIC2,LCL
201274GILLE,2025-04-17,,surveillance,FIC3,CA
010505RÉMY,2025-04-15,,surveillance,FIC1,CA
130665COLLI,2025-04-28,,surveillance,FIC3,CA
190382HENRY,2025-04-18,,surveillance,FIC1,CA
261101JEAN,2025-04-22,,surveillance,FIC4,LCL
261101JEAN,,2025-05-28,inscription,FIC2,SOF
170403MICHE,2025-04-24,,surveillance,FIC3,CA
170403MICHE,,2025-05-28,inscription,FIC3,LCL
140784BRUNE,2025-04-26,,surveillance,FIC2,SOF
140784BRUNE,,2025-06-01,inscription,FIC2,SOF
300865ROLLA,2025-04-23,,surveillance,FIC3,CA
300865ROLLA,,2025-05-25,inscription,FIC2,CA
251078KLEIN,2025-04-25,,surveillance,FIC4,LCL
170369BOUSQ,2025-04-22,,surveillance,FIC3,LCL
050795ALEXA,2025-04-27,,surveillance,FIC4,LCL
050795ALEXA,,2025-06-02,inscription,FIC4,CA
290799DELAH,2025-04-26,,surveillance,FIC4,CA
161278FONTA,2025-04-18,,surveillance,FIC4,CA
061282TURPI,2025-04-15,,surveillance,FIC4,SOF
061282TURPI,,2025-05-19,inscription,FIC4,SOF
301270GILBE,2025-04-17,,surveillance,FIC3,SOF
090705ROUSS,2025-04-19,,surveillance,FIC2,LCL
090705ROUSS,,2025-05-25,inscription,FIC4,LCL
230292GEORG,2025-04-20,,surveillance,FIC3,LCL
150706NICOL,2025-04-29,,surveillance,FIC2,SOF
150706NICOL,,2025-05-31,inscription,FIC3,LCL
070490BENAR,2025-04-23,,surveillance,FIC1,CA
070490BENAR,,2025-05-29,inscription,FIC3,SOF
150198MEUNI,2025-04-27,,surveillance,FIC4,LCL
050673DELAU,2025-04-30,,surveillance,FIC4,SOF
050673DELAU,,2025-06-06,inscription,FIC4,CA
020468ÉTIEN,2025-04-22,,surveillance,FIC4,CA
020468ÉTIEN,,2025-05-27,inscription,FIC4,CA
300665CHEVA,2025-04-20,,surveillance,FIC1,CA
100679DUPUI,2025-04-15,,surveillance,FIC2,SOF
060186HUBER,2025-04-15,,surveillance,FIC4,LCL
260165GUILL,2025-04-27,,surveillance,FIC4,CA
260165GUILL,,2025-06-03,inscription,FIC2,LCL
280168LEMOI,2025-04-22,,surveillance,FIC1,LCL
280191CHEVA,2025-04-29,,surveillance,FIC3,LCL
251176BERTR,2025-04-21,,surveillance,FIC2,CA
251176BERTR,,2025-05-27,inscription,FIC1,SOF
120371DESCA,2025-04-30,,surveillance,FIC4,LCL
120371DESCA,,2025-06-05,inscription,FIC4,CA
220588POTIE,2025-04-24,,surveillance,FIC4,SOF
220588POTIE,,2025-05-27,inscription,FIC4,SOF
090469LEFEB,2025-04-30,,surveillance,FIC4,CA
090469LEFEB,,2025-06-01,inscription,FIC4,CA
210482LAMBE,2025-04-23,,surveillance,FIC3,LCL
210482LAMBE,,2025-05-29,inscription,FIC2,SOF
240791FERNA,2025-04-16,,surveillance,FIC1,SOF
170467BLANC,2025-04-27,,surveillance,FIC3,CA
070778LE GO,2025-04-21,,surveillance,FIC3,LCL
201168DUPRÉ,2025-04-27,,surveillance,FIC4,LCL
020772GAUDI,2025-04-22,,surveillance,FIC1,LCL
230697POULA,2025-04-25,,surveillance,FIC2,LCL
150999RODRI,2025-04-18,,surveillance,FIC2,SOF
150999RODRI,,2025-05-19,inscription,FIC2,SOF
110902DA CO,2025-04-26,,surveillance,FIC1,LCL
110902DA CO,,2025-06-01,inscription,FIC1,LCL
071277RICHA,2025-04-18,,surveillance,FIC4,SOF
101201GERMA,2025-04-16,,surveillance,FIC2,SOF
101201GERMA,,2025-05-22,inscription,FIC3,LCL
230306PEREZ,2025-04-27,,surveillance,FIC2,LCL
230306PEREZ,,2025-06-03,inscription,FIC3,SOF
150867NICOL,2025-04-24,,surveillance,FIC4,CA
150867NICOL,,2025-05-31,inscription,FIC3,LCL
030881RENAR,2025-04-20,,surveillance,FIC2,SOF
090783ROCHE,2025-04-26,,surveillance,FIC1,LCL
220794BLANC,2025-04-26,,surveillance,FIC2,CA
220794BLANC,,2025-05-29,inscription,FIC1,LCL
141265COUSI,2025-04-19,,surveillance,FIC1,SOF
141265COUSI,,2025-05-20,inscription,FIC1,CA
141065COHEN,2025-04-20,,surveillance,FIC1,LCL
141065COHEN,,2025-05-23,inscription,FIC3,SOF
060378HAMEL,2025-04-16,,surveillance,FIC3,LCL
251277CHARR,2025-04-25,,surveillance,FIC1,CA
180876FAURE,2025-04-25,,surveillance,FIC3,SOF
180876FAURE,,2025-05-31,inscription,FIC3,LCL
110178VOISI,2025-04-16,,surveillance,FIC3,LCL
110178VOISI,,2025-05-23,inscription,FIC2,CA
180880DIJOU,2025-04-29,,surveillance,FIC2,SOF
300589GOSSE,2025-04-24,,surveillance,FIC4,SOF
180689FERRA,2025-04-26,,surveillance,FIC3,LCL
180689FERRA,,2025-05-31,inscription,FIC4,CA
250983HOARE,2025-04-30,,surveillance,FIC2,LCL
250983HOARE,,2025-06-05,inscription,FIC1,CA
180684ROCHE,2025-04-18,,surveillance,FIC2,SOF
180684ROCHE,,2025-05-20,inscription,FIC4,CA
050278CHARL,2025-04-27,,surveillance,FIC4,CA
131204FOUQU,2025-04-19,,surveillance,FIC1,SOF
020773BIGOT,2025-04-29,,surveillance,FIC3,LCL
020773BIGOT,,2025-05-31,inscription,FIC3,LCL
010465NAVAR,2025-04-25,,surveillance,FIC2,SOF
010465NAVAR,,2025-06-01,inscription,FIC1,CA
181167VALLE,2025-04-24,,surveillance,FIC4,LCL
181167VALLE,,2025-05-30,inscription,FIC2,CA
030173COSTA,2025-04-18,,surveillance,FIC3,SOF
030173COSTA,,2025-05-25,inscription,FIC3,LCL
290581SAMSO,2025-04-20,,surveillance,FIC2,CA
290581SAMSO,,2025-05-21,inscription,FIC2,SOF
210306MATHI,2025-04-27,,surveillance,FIC1,LCL
261295REYNA,2025-04-27,,surveillance,FIC2,LCL
261295REYNA,,2025-05-31,inscription,FIC1,LCL
141080MONNI,2025-04-22,,surveillance,FIC3,CA
141080MONNI,,2025-05-28,inscription,FIC4,SOF
031284CHAUV,2025-04-30,,surveillance,FIC4,LCL
101189MAILL,2025-04-29,,surveillance,FIC1,CA
101189MAILL,,2025-05-30,inscription,FIC1,SOF
020999DELAH,2025-04-27,,surveillance,FIC3,CA
020999DELAH,,2025-05-29,inscription,FIC1,SOF
040200GUILL,2025-04-28,,surveillance,FIC3,LCL
191199ROUX,2025-04-20,,surveillance,FIC4,SOF
270205DIALL,2025-04-15,,surveillance,FIC4,LCL
270205DIALL,,2025-05-16,inscription,FIC2,CA
090402COUTU,2025-04-29,,surveillance,FIC4,LCL
030492DESCA,2025-04-28,,surveillance,FIC2,CA
240776LEFOR,2025-04-22,,surveillance,FIC1,CA
240776LEFOR,,2025-05-28,inscription,FIC2,CA
130291GUILL,2025-04-27,,surveillance,FIC4,CA
180888GAILL,2025-04-21,,surveillance,FIC1,CA
180888GAILL,,2025-05-26,inscription,FIC4,SOF
140585COUTU,2025-04-16,,surveillance,FIC4,LCL
140585COUTU,,2025-05-19,inscription,FIC3,CA
240876MERLE,2025-04-23,,surveillance,FIC1,SOF
051174REYNA,2025-04-27,,surveillance,FIC3,LCL
051174REYNA,,2025-06-03,inscription,FIC1,CA
020674LEGRO,2025-04-23,,surveillance,FIC1,CA
090184MASSE,2025-04-30,,surveillance,FIC3,SOF
101202HERVÉ,2025-04-28,,surveillance,FIC3,CA
101202HERVÉ,,2025-06-03,inscription,FIC2,CA
270799ALLAR,2025-04-20,,surveillance,FIC1,SOF
160584SEGUI,2025-04-23,,surveillance,FIC3,SOF
090307PERRI,2025-04-23,,surveillance,FIC1,CA
090307PERRI,,2025-05-29,inscription,FIC2,LCL
010572MARTI,2025-04-19,,surveillance,FIC2,CA
230992CHAUV,2025-04-17,,surveillance,FIC2,SOF
230992CHAUV,,2025-05-23,inscription,FIC2,LCL
010274BAUDR,2025-04-17,,surveillance,FIC1,LCL
170965ALVES,2025-04-19,,surveillance,FIC3,CA
141283GAY,2025-04-29,,surveillance,FIC3,SOF
141283GAY,,2025-06-01,inscription,FIC4,CA
191091COLLE,2025-04-28,,surveillance,FIC1,LCL
191091COLLE,,2025-05-30,inscription,FIC2,SOF
201272GUILL,2025-04-23,,surveillance,FIC4,CA
201272GUILL,,2025-05-28,inscription,FIC1,SOF
231266PETIT,2025-04-22,,surveillance,FIC4,SOF
101296MORVA,2025-04-26,,surveillance,FIC3,SOF
041191POTIE,2025-04-16,,surveillance,FIC3,CA
090506BONNE,2025-04-28,,surveillance,FIC4,LCL
021183CHART,2025-04-29,,surveillance,FIC2,CA
020573LEJEU,2025-04-25,,surveillance,FIC2,LCL
060675ROUSS,2025-04-26,,surveillance,FIC4,LCL
060966GROND,2025-04-24,,surveillance,FIC2,SOF
310582FERNA,2025-04-29,,surveillance,FIC4,CA
140269LEGEN,2025-04-29,,surveillance,FIC4,LCL
140269LEGEN,,2025-06-02,inscription,FIC2,CA
071279CHART,2025-04-25,,surveillance,FIC4,LCL
071279CHART,,2025-05-29,inscription,FIC4,LCL
060586VALLÉ,2025-04-24,,surveillance,FIC3,SOF
060586VALLÉ,,2025-05-26,inscription,FIC4,CA
231286DUPON,2025-04-17,,surveillance,FIC2,LCL
